Country Name,Country Code,Series Name,Series Code,2009 [YR2009],2010 [YR2010],2011 [YR2011],2012 [YR2012],2013 [YR2013],2014 [YR2014],2015 [YR2015],2016 [YR2016],2017 [YR2017],2018 [YR2018],2019 [YR2019],2020 [YR2020],2021 [YR2021],2022 [YR2022],2023 [YR2023]
Afghanistan,AFG,"Life expectancy at birth, total (years)",SP.DYN.LE00.IN,60.364,60.851,61.419,61.923,62.417,62.545,62.659,63.136,63.016,63.081,63.565,62.575,61.982,62.879,..
Afghanistan,AFG,"Life expectancy at birth, female (years)",SP.DYN.LE00.FE.IN,61.892,62.408,62.993,63.514,64.027,64.274,64.576,65.096,66.099,66.458,66.677,65.432,65.279,66.213,..
Afghanistan,AFG,"Life expectancy at birth, male (years)",SP.DYN.LE00.MA.IN,58.82,59.278,59.825,60.317,60.791,60.812,60.76,61.193,60.105,59.923,60.619,59.866,58.915,59.766,..
Afghanistan,AFG,"Mortality rate attributed to unsafe water, unsafe sanitation and lack of hygiene (per 100,000 population)",SH.STA.WASH.P5,..,..,..,..,..,..,..,..,..,..,16.6,..,..,..,..
Afghanistan,AFG,"Mortality rate, infant (per 1,000 live births)",SP.DYN.IMRT.IN,67,64.6,62.3,60.1,58.1,56.2,54.6,53,51.5,50.1,48.8,47.4,46.1,44.8,..
Afghanistan,AFG,"Mortality rate, under-5 (per 1,000 live births)",SH.DYN.MORT,92.3,88.4,84.7,81.3,78.2,75.3,72.7,70.2,67.9,65.8,63.6,61.6,59.6,57.7,..
Afghanistan,AFG,"Incidence of HIV, all (per 1,000 uninfected population)",SH.HIV.INCD.TL.P3,0.03,0.03,0.03,0.03,0.03,0.03,0.03,0.03,0.03,0.03,0.03,0.03,0.03,0.03,..
Afghanistan,AFG,"Prevalence of HIV, total (% of population ages 15-49)",SH.DYN.AIDS.ZS,0.1,0.1,0.1,0.1,0.1,0.1,0.1,0.1,0.1,0.1,0.1,0.1,0.1,0.1,..
Afghanistan,AFG,People using at least basic sanitation services (% of population),SH.STA.BASS.ZS,33.79895774,35.47747099,37.16457222,38.86030503,40.56485238,42.27840265,44.00130864,45.73360216,47.4776158,49.23414442,51.00348109,52.64900094,54.29858974,55.95194129,..
Afghanistan,AFG,People using safely managed sanitation services (% of population),SH.STA.SMSS.ZS,..,..,..,..,..,..,..,..,..,..,..,..,..,..,..
Afghanistan,AFG,"Cause of death, by communicable diseases and maternal, prenatal and nutrition conditions (% of total)",SH.DTH.COMM.ZS,..,48.14991352,..,..,..,..,39.39098063,..,..,..,32.93045135,..,..,..,..
Afghanistan,AFG,Lifetime risk of maternal death (%),SH.MMR.RISK.ZS,5.731460814,5.652984018,5.572064152,4.988908789,4.922295725,4.453923591,4.404231845,4.266035786,3.659659348,3.565346761,3.466369723,3.130210006,..,..,..
Afghanistan,AFG,Births attended by skilled health staff (% of total),SH.STA.BRTC.ZS,..,34.3,38.6,39.9,..,45.2,50.5,..,53.4,58.8,..,61.8,..,..,..
Afghanistan,AFG,"Maternal mortality ratio (modeled estimate, per 100,000 live births)",SH.STA.MMRT,913,899,884,833,821,785,776,750,682,663,644,620,..,..,..
Afghanistan,AFG,Low-birthweight babies (% of births),SH.STA.BRTW.ZS,..,..,..,..,..,..,..,..,..,..,..,..,..,..,..
Afghanistan,AFG,Access to electricity (% of population),EG.ELC.ACCS.ZS,48.3,42.7,43.2,69.1,68,89.5,71.5,97.7,97.7,93.4,97.7,97.7,97.7,85.3,..
Afghanistan,AFG,Prevalence of moderate or severe food insecurity in the population (%),SN.ITK.MSFI.ZS,..,..,..,..,..,..,45.1,49.6,54.3,57.6,63.1,70.1,79.1,..,..
Afghanistan,AFG,Prevalence of severe food insecurity in the population (%),SN.ITK.SVFI.ZS,..,..,..,..,..,..,14.8,15.1,17.3,17.3,19.8,22.6,28.4,..,..
Burkina Faso,BFA,"Life expectancy at birth, total (years)",SP.DYN.LE00.IN,55.959,56.477,57.125,57.619,57.823,58.359,58.845,59.326,59.536,60.047,60.039,59.731,59.27,59.766,..
Burkina Faso,BFA,"Life expectancy at birth, female (years)",SP.DYN.LE00.FE.IN,57.32,57.888,58.616,59.096,59.262,59.884,60.401,60.927,61.178,61.706,61.822,61.598,60.99,61.505,..
Burkina Faso,BFA,"Life expectancy at birth, male (years)",SP.DYN.LE00.MA.IN,54.493,54.959,55.527,56.033,56.277,56.727,57.184,57.623,57.797,58.29,58.173,57.787,57.474,57.953,..
Burkina Faso,BFA,"Mortality rate attributed to unsafe water, unsafe sanitation and lack of hygiene (per 100,000 population)",SH.STA.WASH.P5,..,..,..,..,..,..,..,..,..,..,60.9,..,..,..,..
Burkina Faso,BFA,"Mortality rate, infant (per 1,000 live births)",SP.DYN.IMRT.IN,70.2,68,66,64.2,62.5,61,59.4,57.9,56.5,55.1,53.8,52.5,51.2,50.1,..
Burkina Faso,BFA,"Mortality rate, under-5 (per 1,000 live births)",SH.DYN.MORT,126.5,121.1,116.3,111.9,107.8,104,100.4,96.9,93.6,90.3,87.3,84.3,81.4,78.8,..
Burkina Faso,BFA,"Incidence of HIV, all (per 1,000 uninfected population)",SH.HIV.INCD.TL.P3,0.43,0.38,0.34,0.3,0.27,0.23,0.22,0.2,0.16,0.14,0.12,0.1,0.09,0.08,..
Burkina Faso,BFA,"Prevalence of HIV, total (% of population ages 15-49)",SH.DYN.AIDS.ZS,1.2,1.1,1.1,1,1,0.9,0.9,0.8,0.8,0.7,0.7,0.6,0.6,0.6,..
Burkina Faso,BFA,People using at least basic sanitation services (% of population),SH.STA.BASS.ZS,16.93363022,17.59316794,18.23802447,18.86758293,19.48160809,20.08018671,20.662738,21.22902336,21.7779199,22.30956858,22.82406925,23.32068255,24.04111945,24.75649355,..
Burkina Faso,BFA,People using safely managed sanitation services (% of population),SH.STA.SMSS.ZS,6.253269409,6.557050871,6.85324517,7.141679911,7.422278128,7.695031949,7.959788114,8.216471685,8.464844234,8.704925674,8.936718281,9.160081633,9.456731522,9.746474066,..
Burkina Faso,BFA,"Cause of death, by communicable diseases and maternal, prenatal and nutrition conditions (% of total)",SH.DTH.COMM.ZS,..,65.11071874,..,..,..,..,57.7732902,..,..,..,54.10482801,..,..,..,..
Burkina Faso,BFA,Lifetime risk of maternal death (%),SH.MMR.RISK.ZS,2.269527043,2.205877252,2.107178762,1.884156124,1.903744405,1.844546973,1.64163868,1.635474346,1.487579815,1.456610455,1.49111252,1.305040826,..,..,..
Burkina Faso,BFA,Births attended by skilled health staff (% of total),SH.STA.BRTC.ZS,..,65.9,..,..,..,..,79.8,..,..,..,..,..,..,..,..
Burkina Faso,BFA,"Maternal mortality ratio (modeled estimate, per 100,000 live births)",SH.STA.MMRT,368,357,340,321,324,313,295,293,283,277,283,264,..,..,..
Burkina Faso,BFA,Low-birthweight babies (% of births),SH.STA.BRTW.ZS,19.34464915,19.2592351,19.16702978,19.07206674,18.98745966,18.90736753,18.83219324,18.75670772,18.68069059,18.60022978,18.53367271,18.46865415,..,..,..
Burkina Faso,BFA,Access to electricity (% of population),EG.ELC.ACCS.ZS,12.6,13.1,14.8,15.1,15.4,19.2,16.2,16.6,17,14.4,17.6,18.5,19,19.5,..
Burkina Faso,BFA,Prevalence of moderate or severe food insecurity in the population (%),SN.ITK.MSFI.ZS,..,..,..,..,..,..,41.8,43,42.9,42.8,47.9,52.6,56.9,..,..
Burkina Faso,BFA,Prevalence of severe food insecurity in the population (%),SN.ITK.SVFI.ZS,..,..,..,..,..,..,10,10.9,11.7,12.6,15.4,18.5,21.2,..,..
Burundi,BDI,"Life expectancy at birth, total (years)",SP.DYN.LE00.IN,56.388,57.081,57.769,58.493,59.235,59.868,60.217,60.793,61.553,61.688,62.351,61.566,61.663,61.977,..
Burundi,BDI,"Life expectancy at birth, female (years)",SP.DYN.LE00.FE.IN,57.953,58.398,59.094,59.852,60.649,61.346,62.198,62.458,63.302,63.524,64.347,63.675,63.609,63.868,..
Burundi,BDI,"Life expectancy at birth, male (years)",SP.DYN.LE00.MA.IN,54.772,55.714,56.396,57.086,57.776,58.35,58.226,59.088,59.764,59.821,60.339,59.465,59.711,60.077,..
Burundi,BDI,"Mortality rate attributed to unsafe water, unsafe sanitation and lack of hygiene (per 100,000 population)",SH.STA.WASH.P5,..,..,..,..,..,..,..,..,..,..,53.3,..,..,..,..
Burundi,BDI,"Mortality rate, infant (per 1,000 live births)",SP.DYN.IMRT.IN,62.6,59.2,56.1,53.2,50.5,48.1,46,44.1,42.5,41.1,39.8,38.6,37.5,36.4,..
Burundi,BDI,"Mortality rate, under-5 (per 1,000 live births)",SH.DYN.MORT,96.6,90.7,85.1,80,75.3,71,67.3,64,61.1,58.6,56.3,54.2,52.3,50.5,..
Burundi,BDI,"Incidence of HIV, all (per 1,000 uninfected population)",SH.HIV.INCD.TL.P3,0.58,0.49,0.45,0.41,0.36,0.32,0.29,0.22,0.19,0.17,0.16,0.1,0.1,0.1,..
Burundi,BDI,"Prevalence of HIV, total (% of population ages 15-49)",SH.DYN.AIDS.ZS,1.7,1.6,1.5,1.5,1.4,1.3,1.3,1.2,1.2,1.1,1,1,0.9,0.9,..
Burundi,BDI,People using at least basic sanitation services (% of population),SH.STA.BASS.ZS,45.92854445,45.93007139,45.92771137,45.92132486,45.910616,45.89550745,45.8757132,45.85101986,45.82120398,45.78603709,45.74527639,45.72750995,45.70933139,45.69068464,..
Burundi,BDI,People using safely managed sanitation services (% of population),SH.STA.SMSS.ZS,..,..,..,..,..,..,..,..,..,..,..,..,..,..,..
Burundi,BDI,"Cause of death, by communicable diseases and maternal, prenatal and nutrition conditions (% of total)",SH.DTH.COMM.ZS,..,60.53015843,..,..,..,..,54.48430231,..,..,..,51.1748058,..,..,..,..
Burundi,BDI,Lifetime risk of maternal death (%),SH.MMR.RISK.ZS,3.964141572,3.900992916,3.515595439,3.455791713,3.411148395,3.07620633,3.016255994,2.818725683,2.778149277,2.883537549,2.522006374,2.60385693,..,..,..
Burundi,BDI,Births attended by skilled health staff (% of total),SH.STA.BRTC.ZS,..,60.3,..,78.4,..,..,..,77.6,79.1,86.2,98.6,87.4,76.5,..,..
Burundi,BDI,"Maternal mortality ratio (modeled estimate, per 100,000 live births)",SH.STA.MMRT,618,608,575,564,555,527,514,508,499,518,479,494,..,..,..
Burundi,BDI,Low-birthweight babies (% of births),SH.STA.BRTW.ZS,15.23796697,15.18630295,15.13173531,15.08527363,15.03630739,14.99738274,14.97183445,14.94092705,14.91600338,14.88147374,14.82977363,14.77690155,..,..,..
Burundi,BDI,Access to electricity (% of population),EG.ELC.ACCS.ZS,5.4,5.3,6.2,6.5,6.9,7,7.9,8.5,9.3,9.5,9.8,9.1,10.2,10.3,..
Burundi,BDI,Prevalence of moderate or severe food insecurity in the population (%),SN.ITK.MSFI.ZS,..,..,..,..,..,..,..,..,..,..,..,..,..,..,..
Burundi,BDI,Prevalence of severe food insecurity in the population (%),SN.ITK.SVFI.ZS,..,..,..,..,..,..,..,..,..,..,..,..,..,..,..
Central African Republic,CAF,"Life expectancy at birth, total (years)",SP.DYN.LE00.IN,48.648,49.255,49.948,50.686,50.902,50.566,52.793,53.46,53.721,54.369,55.025,54.604,53.895,54.477,..
Central African Republic,CAF,"Life expectancy at birth, female (years)",SP.DYN.LE00.FE.IN,49.82,50.534,51.167,52.059,52.727,52.903,54.512,55.39,56.051,56.587,57.106,56.757,56.303,56.829,..
Central African Republic,CAF,"Life expectancy at birth, male (years)",SP.DYN.LE00.MA.IN,47.545,48.054,48.801,49.396,49.205,48.42,51.167,51.643,51.552,52.285,53.048,52.582,51.645,52.258,..
Central African Republic,CAF,"Mortality rate attributed to unsafe water, unsafe sanitation and lack of hygiene (per 100,000 population)",SH.STA.WASH.P5,..,..,..,..,..,..,..,..,..,..,97,..,..,..,..
Central African Republic,CAF,"Mortality rate, infant (per 1,000 live births)",SP.DYN.IMRT.IN,92.2,90.5,88.8,87.3,86.4,84.8,83.3,82,81.2,79.9,78.3,76.9,75.1,73.5,..
Central African Republic,CAF,"Mortality rate, under-5 (per 1,000 live births)",SH.DYN.MORT,132.5,128.8,125.4,122.4,120.2,117.7,114.8,111.9,110.2,108,105.3,102.4,99.3,96.8,..
Central African Republic,CAF,"Incidence of HIV, all (per 1,000 uninfected population)",SH.HIV.INCD.TL.P3,2.27,2.25,2.16,2.08,2.12,1.93,1.88,1.72,1.69,1.73,1.63,1.6,1.69,1.57,..
Central African Republic,CAF,"Prevalence of HIV, total (% of population ages 15-49)",SH.DYN.AIDS.ZS,5,4.9,4.7,4.5,4.3,4.1,4,3.9,3.8,3.7,3.6,3.5,3.5,3.4,..
Central African Republic,CAF,People using at least basic sanitation services (% of population),SH.STA.BASS.ZS,18.30308518,17.90095141,17.50401194,17.11216046,16.72504164,16.34208269,15.96318747,15.58824206,15.2164875,14.84783543,14.48198243,14.11863467,13.75750675,13.84629384,..
Central African Republic,CAF,People using safely managed sanitation services (% of population),SH.STA.SMSS.ZS,17.53225613,17.15613603,16.78457404,16.41748316,16.05454423,15.69523378,15.33947093,14.98715788,14.63759228,14.29069694,13.94619235,13.60380647,13.26327363,13.34691101,..
Central African Republic,CAF,"Cause of death, by communicable diseases and maternal, prenatal and nutrition conditions (% of total)",SH.DTH.COMM.ZS,..,64.0852581,..,..,..,..,60.56540446,..,..,..,59.0611668,..,..,..,..
Central African Republic,CAF,Lifetime risk of maternal death (%),SH.MMR.RISK.ZS,6.39917796,6.122860605,6.014553367,5.667019342,5.69228186,5.569677871,5.438419946,5.274831289,5.744095089,5.530441128,5.409771478,5.349289066,..,..,..
Central African Republic,CAF,Births attended by skilled health staff (% of total),SH.STA.BRTC.ZS,43.7,40,..,..,..,..,..,..,..,..,40.3,..,..,..,..
Central African Republic,CAF,"Maternal mortality ratio (modeled estimate, per 100,000 live births)",SH.STA.MMRT,1105,1052,1029,963,963,939,909,877,904,868,847,835,..,..,..
Central African Republic,CAF,Low-birthweight babies (% of births),SH.STA.BRTW.ZS,15.62373545,15.66784952,15.75199546,15.88767893,16.09137083,16.25378574,16.35429359,16.38933395,16.36289614,16.34634167,16.34442942,16.35473066,..,..,..
Central African Republic,CAF,Access to electricity (% of population),EG.ELC.ACCS.ZS,9.4,9.8,10.4,11,11.5,12,12.7,13.4,14.1,14.6,14.3,15.4,15.7,15.7,..
Central African Republic,CAF,Prevalence of moderate or severe food insecurity in the population (%),SN.ITK.MSFI.ZS,..,..,..,..,..,..,..,..,..,..,81.3,81.3,81.3,..,..
Central African Republic,CAF,Prevalence of severe food insecurity in the population (%),SN.ITK.SVFI.ZS,..,..,..,..,..,..,..,..,..,..,61.8,61.8,61.8,..,..
Chad,TCD,"Life expectancy at birth, total (years)",SP.DYN.LE00.IN,49.196,49.584,50.009,50.54,50.781,51.202,51.589,52.083,52.308,52.825,53.259,52.777,52.525,52.997,..
Chad,TCD,"Life expectancy at birth, female (years)",SP.DYN.LE00.FE.IN,50.361,50.798,51.279,51.849,52.16,52.63,53.132,53.317,53.752,54.317,54.908,54.396,54.283,54.769,..
Chad,TCD,"Life expectancy at birth, male (years)",SP.DYN.LE00.MA.IN,48.045,48.388,48.76,49.255,49.431,49.808,50.09,50.867,50.898,51.372,51.664,51.218,50.845,51.3,..
Chad,TCD,"Mortality rate attributed to unsafe water, unsafe sanitation and lack of hygiene (per 100,000 population)",SH.STA.WASH.P5,..,..,..,..,..,..,..,..,..,..,99.2,..,..,..,..
Chad,TCD,"Mortality rate, infant (per 1,000 live births)",SP.DYN.IMRT.IN,85.7,84,82.3,80.6,78.9,77.3,75.7,74.1,72.4,70.6,69,67.3,65.7,64.1,..
Chad,TCD,"Mortality rate, under-5 (per 1,000 live births)",SH.DYN.MORT,151.6,147.6,143.6,139.7,135.8,132.2,128.6,125,121.2,117.2,113.5,109.8,106.4,102.9,..
Chad,TCD,"Incidence of HIV, all (per 1,000 uninfected population)",SH.HIV.INCD.TL.P3,0.65,0.63,0.62,0.56,0.5,0.46,0.47,0.44,0.4,0.35,0.31,0.28,0.24,0.22,..
Chad,TCD,"Prevalence of HIV, total (% of population ages 15-49)",SH.DYN.AIDS.ZS,1.6,1.6,1.5,1.5,1.5,1.4,1.4,1.3,1.3,1.3,1.2,1.2,1.1,1,..
Chad,TCD,People using at least basic sanitation services (% of population),SH.STA.BASS.ZS,10.48358506,10.6144009,10.7545445,10.90485537,11.06571519,11.23774965,11.42187892,11.61879115,11.82919278,12.05411974,12.2940189,12.55032072,12.82351803,12.92206644,..
Chad,TCD,People using safely managed sanitation services (% of population),SH.STA.SMSS.ZS,9.054079676,9.150796989,9.254988549,9.367332982,9.488149735,9.617949774,9.757476873,9.907292532,10.06797278,10.24035517,10.42481069,10.622491,10.83380405,10.91219476,..
Chad,TCD,"Cause of death, by communicable diseases and maternal, prenatal and nutrition conditions (% of total)",SH.DTH.COMM.ZS,..,69.3369733,..,..,..,..,65.67739722,..,..,..,63.44751848,..,..,..,..
Chad,TCD,Lifetime risk of maternal death (%),SH.MMR.RISK.ZS,8.943841628,8.904376108,8.792958734,8.490810077,8.36449779,7.504659329,7.412362123,7.542187939,6.874838224,6.776407765,6.612906542,6.715800624,..,..,..
Chad,TCD,Births attended by skilled health staff (% of total),SH.STA.BRTC.ZS,..,16.6,..,..,..,..,24.3,..,..,..,47.2,..,..,..,..
Chad,TCD,"Maternal mortality ratio (modeled estimate, per 100,000 live births)",SH.STA.MMRT,1311,1303,1284,1237,1217,1142,1125,1145,1095,1076,1047,1063,..,..,..
Chad,TCD,Low-birthweight babies (% of births),SH.STA.BRTW.ZS,..,..,..,..,..,..,..,..,..,..,..,..,..,..,..
Chad,TCD,Access to electricity (% of population),EG.ELC.ACCS.ZS,6.3,6.4,9,7.8,8.1,8.4,7.7,9.2,10.9,10.1,8.4,10.9,11.3,11.7,..
Chad,TCD,Prevalence of moderate or severe food insecurity in the population (%),SN.ITK.MSFI.ZS,..,..,..,..,..,..,..,..,..,..,..,..,..,..,..
Chad,TCD,Prevalence of severe food insecurity in the population (%),SN.ITK.SVFI.ZS,..,..,..,..,..,..,..,..,..,..,..,..,..,..,..
"Congo, Dem. Rep.",COD,"Life expectancy at birth, total (years)",SP.DYN.LE00.IN,55.836,56.417,57.069,57.248,57.762,58.296,58.49,59.066,59.411,59.942,60.276,59.739,59.193,59.743,..
"Congo, Dem. Rep.",COD,"Life expectancy at birth, female (years)",SP.DYN.LE00.FE.IN,57.463,57.999,58.658,58.81,59.439,60.013,60.254,60.904,61.107,61.767,62.243,61.7,61.521,62.05,..
"Congo, Dem. Rep.",COD,"Life expectancy at birth, male (years)",SP.DYN.LE00.MA.IN,54.208,54.83,55.475,55.682,56.087,56.586,56.737,57.245,57.723,58.133,58.335,57.818,56.953,57.516,..
"Congo, Dem. Rep.",COD,"Mortality rate attributed to unsafe water, unsafe sanitation and lack of hygiene (per 100,000 population)",SH.STA.WASH.P5,..,..,..,..,..,..,..,..,..,..,52.3,..,..,..,..
"Congo, Dem. Rep.",COD,"Mortality rate, infant (per 1,000 live births)",SP.DYN.IMRT.IN,85.7,83.4,81.2,78.9,76.7,74.6,72.8,70.9,69.1,67.2,65.4,63.6,61.9,60.1,..
"Congo, Dem. Rep.",COD,"Mortality rate, under-5 (per 1,000 live births)",SH.DYN.MORT,117.8,113.7,109.7,105.9,102.1,98.6,95.5,92.4,89.5,86.5,83.8,80.8,78.2,75.6,..
"Congo, Dem. Rep.",COD,"Incidence of HIV, all (per 1,000 uninfected population)",SH.HIV.INCD.TL.P3,0.5,0.46,0.44,0.4,0.37,0.35,0.29,0.27,0.24,0.23,0.21,0.19,0.15,0.13,..
"Congo, Dem. Rep.",COD,"Prevalence of HIV, total (% of population ages 15-49)",SH.DYN.AIDS.ZS,1.1,1.1,1,1,0.9,0.9,0.8,0.8,0.8,0.7,0.7,0.7,0.6,0.6,..
"Congo, Dem. Rep.",COD,People using at least basic sanitation services (% of population),SH.STA.BASS.ZS,19.88358641,19.49872689,19.1224517,18.75466762,18.39536273,18.04459471,17.70228269,17.36840196,17.04283668,16.72563449,16.41666246,16.11586476,16.14617128,16.17447255,..
"Congo, Dem. Rep.",COD,People using safely managed sanitation services (% of population),SH.STA.SMSS.ZS,17.99043877,17.51831154,17.05156574,16.59012622,16.13390911,15.68284475,15.23682877,14.79576165,14.35951117,13.927993,13.50105967,13.07858337,13.05840652,13.0357748,..
"Congo, Dem. Rep.",COD,"Cause of death, by communicable diseases and maternal, prenatal and nutrition conditions (% of total)",SH.DTH.COMM.ZS,..,63.58615727,..,..,..,..,60.17958034,..,..,..,56.18278095,..,..,..,..
"Congo, Dem. Rep.",COD,Lifetime risk of maternal death (%),SH.MMR.RISK.ZS,3.887347459,3.884157471,3.788320694,3.853020796,3.794303747,3.731040649,3.761172537,3.66826136,3.723078174,3.380734128,3.370574158,3.415271893,..,..,..
"Congo, Dem. Rep.",COD,Births attended by skilled health staff (% of total),SH.STA.BRTC.ZS,..,74.1,..,..,..,80.1,..,..,..,85.2,..,..,..,..,..
"Congo, Dem. Rep.",COD,"Maternal mortality ratio (modeled estimate, per 100,000 live births)",SH.STA.MMRT,603,601,585,595,585,573,578,562,570,543,541,547,..,..,..
"Congo, Dem. Rep.",COD,Low-birthweight babies (% of births),SH.STA.BRTW.ZS,11.41355896,11.29239819,11.17191208,11.04519924,10.9161396,10.78687886,10.66027392,10.5388201,10.42821858,10.32804378,10.2389879,10.15699502,..,..,..
"Congo, Dem. Rep.",COD,Access to electricity (% of population),EG.ELC.ACCS.ZS,12.3,13,13.7,15.4,15.2,13.5,16.6,17.3,18,18.7,19.1,20.1,20.8,21.5,..
"Congo, Dem. Rep.",COD,Prevalence of moderate or severe food insecurity in the population (%),SN.ITK.MSFI.ZS,..,..,..,..,..,..,..,..,..,..,69.2,72.3,76.6,..,..
"Congo, Dem. Rep.",COD,Prevalence of severe food insecurity in the population (%),SN.ITK.SVFI.ZS,..,..,..,..,..,..,..,..,..,..,38.5,39.2,40.7,..,..
Eritrea,ERI,"Life expectancy at birth, total (years)",SP.DYN.LE00.IN,63.328,63.787,64.402,64.838,65.067,65.6,66.033,66.289,66.577,67.067,67.3,67.133,66.536,66.604,..
Eritrea,ERI,"Life expectancy at birth, female (years)",SP.DYN.LE00.FE.IN,65.081,65.547,66.33,66.658,66.896,67.588,67.981,68.3,68.53,69.115,69.309,69.337,68.655,68.678,..
Eritrea,ERI,"Life expectancy at birth, male (years)",SP.DYN.LE00.MA.IN,61.529,61.976,62.427,62.965,63.181,63.556,64.022,64.213,64.552,64.947,65.216,64.862,64.35,64.457,..
Eritrea,ERI,"Mortality rate attributed to unsafe water, unsafe sanitation and lack of hygiene (per 100,000 population)",SH.STA.WASH.P5,..,..,..,..,..,..,..,..,..,..,66.5,..,..,..,..
Eritrea,ERI,"Mortality rate, infant (per 1,000 live births)",SP.DYN.IMRT.IN,40.3,39.1,38,37,36,35,34.1,33.1,32.2,31.4,30.5,29.7,28.9,28,..
Eritrea,ERI,"Mortality rate, under-5 (per 1,000 live births)",SH.DYN.MORT,57.3,55.2,53.3,51.5,49.7,48.1,46.4,44.9,43.4,41.9,40.6,39.3,38,36.6,..
Eritrea,ERI,"Incidence of HIV, all (per 1,000 uninfected population)",SH.HIV.INCD.TL.P3,0.27,0.24,0.21,0.18,0.16,0.13,0.11,0.1,0.09,0.08,0.07,0.07,0.06,0.06,..
Eritrea,ERI,"Prevalence of HIV, total (% of population ages 15-49)",SH.DYN.AIDS.ZS,0.9,0.9,0.8,0.8,0.8,0.7,0.7,0.7,0.6,0.6,0.5,0.5,0.5,0.4,..
Eritrea,ERI,People using at least basic sanitation services (% of population),SH.STA.BASS.ZS,11.02204107,11.20194498,11.37353998,11.53651693,11.63627005,11.7366811,11.83791229,11.93996562,..,..,..,..,..,..,..
Eritrea,ERI,People using safely managed sanitation services (% of population),SH.STA.SMSS.ZS,..,..,..,..,..,..,..,..,..,..,..,..,..,..,..
Eritrea,ERI,"Cause of death, by communicable diseases and maternal, prenatal and nutrition conditions (% of total)",SH.DTH.COMM.ZS,..,46.521683,..,..,..,..,42.21488477,..,..,..,38.64450538,..,..,..,..
Eritrea,ERI,Lifetime risk of maternal death (%),SH.MMR.RISK.ZS,2.223236336,2.221535768,2.112088812,1.823085722,1.81751497,1.725520265,1.731252021,1.690181843,1.44046142,1.360246382,1.335841205,1.297384556,..,..,..
Eritrea,ERI,Births attended by skilled health staff (% of total),SH.STA.BRTC.ZS,..,34.1,..,..,..,..,..,..,..,..,..,..,..,..,..
Eritrea,ERI,"Maternal mortality ratio (modeled estimate, per 100,000 live births)",SH.STA.MMRT,481,480,454,422,420,398,399,389,359,338,332,322,..,..,..
Eritrea,ERI,Low-birthweight babies (% of births),SH.STA.BRTW.ZS,15.47654176,15.44108379,15.41177174,15.3834843,15.36166448,15.33014407,15.29935908,15.26990253,15.2425663,15.21473053,15.18945806,15.1601429,..,..,..
Eritrea,ERI,Access to electricity (% of population),EG.ELC.ACCS.ZS,38.9,40.1,41.2,42.3,43.5,44.6,45.8,46.9,48,49.1,50.3,51.4,52.5,55.4,..
Eritrea,ERI,Prevalence of moderate or severe food insecurity in the population (%),SN.ITK.MSFI.ZS,..,..,..,..,..,..,..,..,..,..,..,..,..,..,..
Eritrea,ERI,Prevalence of severe food insecurity in the population (%),SN.ITK.SVFI.ZS,..,..,..,..,..,..,..,..,..,..,..,..,..,..,..
Ethiopia,ETH,"Life expectancy at birth, total (years)",SP.DYN.LE00.IN,58.804,59.73,60.721,61.543,62.373,62.905,63.649,64.392,64.838,65.412,65.838,65.371,64.975,65.645,..
Ethiopia,ETH,"Life expectancy at birth, female (years)",SP.DYN.LE00.FE.IN,60.962,61.849,62.874,63.804,64.895,65.361,66.326,67.341,67.533,68.397,68.795,68.426,68.285,68.903,..
Ethiopia,ETH,"Life expectancy at birth, male (years)",SP.DYN.LE00.MA.IN,56.765,57.72,58.675,59.397,59.995,60.578,61.126,61.628,62.288,62.606,63.051,62.517,61.91,62.613,..
Ethiopia,ETH,"Mortality rate attributed to unsafe water, unsafe sanitation and lack of hygiene (per 100,000 population)",SH.STA.WASH.P5,..,..,..,..,..,..,..,..,..,..,40.7,..,..,..,..
Ethiopia,ETH,"Mortality rate, infant (per 1,000 live births)",SP.DYN.IMRT.IN,57.2,54.6,52.1,49.7,47.5,45.5,43.6,41.8,40.1,38.6,37.3,36.1,35,33.9,..
Ethiopia,ETH,"Mortality rate, under-5 (per 1,000 live births)",SH.DYN.MORT,87.2,82.5,78.1,73.9,70.1,66.5,63.1,59.9,56.9,54.3,52.1,49.9,48,46.2,..
Ethiopia,ETH,"Incidence of HIV, all (per 1,000 uninfected population)",SH.HIV.INCD.TL.P3,0.42,0.37,0.32,0.28,0.24,0.22,0.19,0.18,0.15,0.13,0.12,0.1,0.09,0.08,..
Ethiopia,ETH,"Prevalence of HIV, total (% of population ages 15-49)",SH.DYN.AIDS.ZS,1.5,1.4,1.4,1.3,1.3,1.2,1.2,1.1,1,1,0.9,0.9,0.8,0.8,..
Ethiopia,ETH,People using at least basic sanitation services (% of population),SH.STA.BASS.ZS,5.565305397,5.883673488,6.199784303,6.514089993,6.823890591,7.132008178,7.438454383,7.743550738,8.047157517,8.349923038,8.652039161,8.953537513,9.254780256,9.336216099,..
Ethiopia,ETH,People using safely managed sanitation services (% of population),SH.STA.SMSS.ZS,4.312991337,4.560500311,4.806023328,5.049910228,5.289333073,5.527120513,5.763271672,5.998034004,6.231285797,6.463534141,6.694920206,6.925457877,7.155423069,7.219801714,..
Ethiopia,ETH,"Cause of death, by communicable diseases and maternal, prenatal and nutrition conditions (% of total)",SH.DTH.COMM.ZS,..,57.54926946,..,..,..,..,50.95380077,..,..,..,44.65431528,..,..,..,..
Ethiopia,ETH,Lifetime risk of maternal death (%),SH.MMR.RISK.ZS,3.78402986,3.318611377,3.168521268,2.686674582,2.476948771,2.077450534,1.861345246,1.665602097,1.631050031,1.465458595,1.383285063,1.166630172,..,..,..
Ethiopia,ETH,Births attended by skilled health staff (% of total),SH.STA.BRTC.ZS,..,..,10,..,23.1,15.5,..,27.7,..,..,49.8,..,..,..,..
Ethiopia,ETH,"Maternal mortality ratio (modeled estimate, per 100,000 live births)",SH.STA.MMRT,684,635,603,543,498,447,399,356,348,312,294,267,..,..,..
Ethiopia,ETH,Low-birthweight babies (% of births),SH.STA.BRTW.ZS,..,..,..,..,..,..,..,..,..,..,..,..,..,..,..
Ethiopia,ETH,Access to electricity (% of population),EG.ELC.ACCS.ZS,23.7,25.5,23,29,30.8,27.2,29,42.9,44.3,44.8,48,51.1,54.2,55,..
Ethiopia,ETH,Prevalence of moderate or severe food insecurity in the population (%),SN.ITK.MSFI.ZS,..,..,..,..,..,..,56.2,58.3,59.4,57.9,56.3,56.2,58.1,..,..
Ethiopia,ETH,Prevalence of severe food insecurity in the population (%),SN.ITK.SVFI.ZS,..,..,..,..,..,..,14.5,15,14.8,14.1,16.4,19.6,21.1,..,..
"Gambia, The",GMB,"Life expectancy at birth, total (years)",SP.DYN.LE00.IN,60.427,60.717,61.526,62.096,62.114,62.269,62.494,63.013,62.995,63.04,63.755,62.612,62.083,62.906,..
"Gambia, The",GMB,"Life expectancy at birth, female (years)",SP.DYN.LE00.FE.IN,61.64,61.642,62.547,63.347,63.082,63.475,63.583,64.264,64.284,64.251,65.186,64.235,63.529,64.344,..
"Gambia, The",GMB,"Life expectancy at birth, male (years)",SP.DYN.LE00.MA.IN,59.215,59.787,60.502,60.849,61.141,61.064,61.403,61.763,61.709,61.826,62.33,61.023,60.656,61.481,..
"Gambia, The",GMB,"Mortality rate attributed to unsafe water, unsafe sanitation and lack of hygiene (per 100,000 population)",SH.STA.WASH.P5,..,..,..,..,..,..,..,..,..,..,29.5,..,..,..,..
"Gambia, The",GMB,"Mortality rate, infant (per 1,000 live births)",SP.DYN.IMRT.IN,47,45.6,44.3,43.1,41.9,40.7,39.5,38.4,37.4,36.4,35.4,34.5,33.7,32.8,..
"Gambia, The",GMB,"Mortality rate, under-5 (per 1,000 live births)",SH.DYN.MORT,76.5,73.3,70.2,67.4,64.6,62,59.5,57.1,54.8,52.7,50.7,48.9,47.2,45.6,..
"Gambia, The",GMB,"Incidence of HIV, all (per 1,000 uninfected population)",SH.HIV.INCD.TL.P3,1.28,1.17,1.07,1.05,1,0.95,0.88,0.86,0.82,0.74,0.67,0.64,0.62,0.6,..
"Gambia, The",GMB,"Prevalence of HIV, total (% of population ages 15-49)",SH.DYN.AIDS.ZS,1.9,1.9,1.9,1.9,1.9,1.9,1.8,1.8,1.7,1.7,1.6,1.5,1.5,1.4,..
"Gambia, The",GMB,People using at least basic sanitation services (% of population),SH.STA.BASS.ZS,46.35348956,46.35477512,46.37754043,46.42120397,46.48443498,46.5660269,46.66467535,46.77876496,46.90721614,47.04853001,47.20140933,47.36457564,47.5364175,47.71599214,..
"Gambia, The",GMB,People using safely managed sanitation services (% of population),SH.STA.SMSS.ZS,35.74966268,35.1739575,34.5988711,34.02318945,33.44625874,32.86691207,32.28393099,31.69605338,31.10193677,30.50027676,29.88976609,29.26912645,28.63398761,27.98605759,..
"Gambia, The",GMB,"Cause of death, by communicable diseases and maternal, prenatal and nutrition conditions (% of total)",SH.DTH.COMM.ZS,..,57.84946201,..,..,..,..,54.3504411,..,..,..,52.1731292,..,..,..,..
"Gambia, The",GMB,Lifetime risk of maternal death (%),SH.MMR.RISK.ZS,3.79623268,3.429642279,3.315434826,3.205647586,3.327230858,2.849249632,2.804337259,2.657895888,2.432506799,2.518268219,2.346155572,2.114464223,..,..,..
"Gambia, The",GMB,Births attended by skilled health staff (% of total),SH.STA.BRTC.ZS,..,56.1,..,..,57.2,..,..,..,..,82.7,..,83.8,..,..,..
"Gambia, The",GMB,"Maternal mortality ratio (modeled estimate, per 100,000 live births)",SH.STA.MMRT,647,620,597,575,598,543,535,505,494,512,474,458,..,..,..
"Gambia, The",GMB,Low-birthweight babies (% of births),SH.STA.BRTW.ZS,13.86175602,13.79343378,13.74875109,13.70406,13.66557008,13.63087925,13.57906831,13.52155484,13.45422093,13.37802884,13.30886256,13.24914954,..,..,..
"Gambia, The",GMB,Access to electricity (% of population),EG.ELC.ACCS.ZS,43.2,46.8,48.3,49.9,51.5,53,54.7,56.4,56.2,60.3,62.1,62.2,63.7,65.4,..
"Gambia, The",GMB,Prevalence of moderate or severe food insecurity in the population (%),SN.ITK.MSFI.ZS,..,..,..,..,..,..,..,52.7,52.7,54.3,56,58,60.7,..,..
"Gambia, The",GMB,Prevalence of severe food insecurity in the population (%),SN.ITK.SVFI.ZS,..,..,..,..,..,..,..,23.6,23.6,24.6,25.7,27.1,27,..,..
Guinea-Bissau,GNB,"Life expectancy at birth, total (years)",SP.DYN.LE00.IN,55.541,56.23,56.967,57.69,58.232,58.61,59.128,59.674,60.066,60.502,60.882,59.999,59.652,59.861,..
Guinea-Bissau,GNB,"Life expectancy at birth, female (years)",SP.DYN.LE00.FE.IN,57.651,58.439,59.059,59.791,60.327,60.679,61.211,61.777,62.037,62.614,62.872,62.265,61.796,61.929,..
Guinea-Bissau,GNB,"Life expectancy at birth, male (years)",SP.DYN.LE00.MA.IN,53.344,53.923,54.767,55.478,56.023,56.422,56.925,57.447,57.969,58.263,58.763,57.612,57.392,57.671,..
Guinea-Bissau,GNB,"Mortality rate attributed to unsafe water, unsafe sanitation and lack of hygiene (per 100,000 population)",SH.STA.WASH.P5,..,..,..,..,..,..,..,..,..,..,49.4,..,..,..,..
Guinea-Bissau,GNB,"Mortality rate, infant (per 1,000 live births)",SP.DYN.IMRT.IN,75.8,72.6,69.5,66.7,64.2,62,60,58.1,56.4,54.7,53.1,51.5,50.1,48.6,..
Guinea-Bissau,GNB,"Mortality rate, under-5 (per 1,000 live births)",SH.DYN.MORT,120.2,114.4,108.9,103.9,99.6,95.6,92.1,88.7,85.7,82.7,79.8,77,74.5,71.9,..
Guinea-Bissau,GNB,"Incidence of HIV, all (per 1,000 uninfected population)",SH.HIV.INCD.TL.P3,1.98,1.81,1.68,1.46,1.27,1.04,1.03,0.97,0.89,0.87,0.74,0.7,0.66,0.59,..
Guinea-Bissau,GNB,"Prevalence of HIV, total (% of population ages 15-49)",SH.DYN.AIDS.ZS,4,3.9,3.8,3.7,3.6,3.4,3.3,3.2,3.1,2.9,2.8,2.7,2.5,2.4,..
Guinea-Bissau,GNB,People using at least basic sanitation services (% of population),SH.STA.BASS.ZS,12.28235728,13.47606346,14.68599057,15.91255808,17.15579877,18.41614304,19.69383803,20.98890377,22.3015667,23.63229986,24.98110645,26.34822365,27.73388843,27.84381859,..
Guinea-Bissau,GNB,People using safely managed sanitation services (% of population),SH.STA.SMSS.ZS,6.384885086,7.089472184,7.802133702,8.523057795,9.252264363,9.989944754,10.7362113,11.49108068,12.25465824,13.02715225,13.80857404,14.59903449,15.39864393,15.44357478,..
Guinea-Bissau,GNB,"Cause of death, by communicable diseases and maternal, prenatal and nutrition conditions (% of total)",SH.DTH.COMM.ZS,..,62.48500732,..,..,..,..,61.41860754,..,..,..,57.6206587,..,..,..,..
Guinea-Bissau,GNB,Lifetime risk of maternal death (%),SH.MMR.RISK.ZS,4.159031103,4.127647485,3.995279136,3.961340206,3.640672564,3.60094493,3.510517454,3.103928462,3.255096924,2.785329452,3.050932232,3.124175686,..,..,..
Guinea-Bissau,GNB,Births attended by skilled health staff (% of total),SH.STA.BRTC.ZS,..,43,..,..,..,45,..,..,..,..,53.8,..,..,..,..
Guinea-Bissau,GNB,"Maternal mortality ratio (modeled estimate, per 100,000 live births)",SH.STA.MMRT,804,795,767,758,742,733,713,673,705,648,710,725,..,..,..
Guinea-Bissau,GNB,Low-birthweight babies (% of births),SH.STA.BRTW.ZS,22.48518393,22.24037951,21.99522933,21.76563928,21.52644441,21.27251736,21.01391853,20.72488384,20.42892323,20.12995446,19.83192923,19.54887142,..,..,..
Guinea-Bissau,GNB,Access to electricity (% of population),EG.ELC.ACCS.ZS,4.7,6,13.5,14.9,16.3,17.2,20.1,22.9,26,28.4,30.9,33.4,35.8,37.4,..
Guinea-Bissau,GNB,Prevalence of moderate or severe food insecurity in the population (%),SN.ITK.MSFI.ZS,..,..,..,..,..,..,..,..,61.7,64.4,69.8,75,77.8,..,..
Guinea-Bissau,GNB,Prevalence of severe food insecurity in the population (%),SN.ITK.SVFI.ZS,..,..,..,..,..,..,..,..,8.3,12.5,21,29.2,32,..,..
"Korea, Dem. People's Rep.",PRK,"Life expectancy at birth, total (years)",SP.DYN.LE00.IN,69.732,70.419,70.978,71.626,72.319,72.942,72.784,72.805,72.978,73.031,73.198,73.274,73.284,73.578,..
"Korea, Dem. People's Rep.",PRK,"Life expectancy at birth, female (years)",SP.DYN.LE00.FE.IN,72.996,73.535,74.058,74.634,75.294,75.859,75.515,75.514,75.624,75.632,75.7,75.725,75.743,76.146,..
"Korea, Dem. People's Rep.",PRK,"Life expectancy at birth, male (years)",SP.DYN.LE00.MA.IN,65.712,66.5,67.131,67.898,68.694,69.473,69.743,69.854,70.154,70.307,70.625,70.793,70.831,70.973,..
"Korea, Dem. People's Rep.",PRK,"Mortality rate attributed to unsafe water, unsafe sanitation and lack of hygiene (per 100,000 population)",SH.STA.WASH.P5,..,..,..,..,..,..,..,..,..,..,4.1,..,..,..,..
"Korea, Dem. People's Rep.",PRK,"Mortality rate, infant (per 1,000 live births)",SP.DYN.IMRT.IN,24.1,23.1,21.8,20.3,19,17.8,16.8,16.2,15.3,14.6,13.9,13.3,12.7,13.6,..
"Korea, Dem. People's Rep.",PRK,"Mortality rate, under-5 (per 1,000 live births)",SH.DYN.MORT,30.9,29.4,27.7,25.8,23.9,22.3,21.1,20.4,19,18.3,17.3,16.5,15.8,17,..
"Korea, Dem. People's Rep.",PRK,"Incidence of HIV, all (per 1,000 uninfected population)",SH.HIV.INCD.TL.P3,..,..,..,..,..,..,..,..,..,..,..,..,..,..,..
"Korea, Dem. People's Rep.",PRK,"Prevalence of HIV, total (% of population ages 15-49)",SH.DYN.AIDS.ZS,..,..,..,..,..,..,..,..,..,..,..,..,..,..,..
"Korea, Dem. People's Rep.",PRK,People using at least basic sanitation services (% of population),SH.STA.BASS.ZS,77.31903528,78.03240826,78.75000118,79.47227866,80.19895131,80.93017795,81.66581088,82.40860768,83.15841094,83.91557443,84.61949068,84.66546601,84.71404126,84.76503884,..
"Korea, Dem. People's Rep.",PRK,People using safely managed sanitation services (% of population),SH.STA.SMSS.ZS,..,..,..,..,..,..,..,..,..,..,..,..,..,..,..
"Korea, Dem. People's Rep.",PRK,"Cause of death, by communicable diseases and maternal, prenatal and nutrition conditions (% of total)",SH.DTH.COMM.ZS,..,16.41385755,..,..,..,..,10.37918145,..,..,..,12.79434412,..,..,..,..
"Korea, Dem. People's Rep.",PRK,Lifetime risk of maternal death (%),SH.MMR.RISK.ZS,0.223731371,0.222250117,0.205422282,0.185371882,0.164718671,0.145667333,0.185705402,0.186341651,0.184439222,0.183575651,0.181845585,0.18276343,..,..,..
"Korea, Dem. People's Rep.",PRK,Births attended by skilled health staff (% of total),SH.STA.BRTC.ZS,100,..,..,..,..,..,..,..,99.5,..,..,..,..,..,..
"Korea, Dem. People's Rep.",PRK,"Maternal mortality ratio (modeled estimate, per 100,000 live births)",SH.STA.MMRT,131,130,120,108,96,85,108,109,108,107,106,107,..,..,..
"Korea, Dem. People's Rep.",PRK,Low-birthweight babies (% of births),SH.STA.BRTW.ZS,..,..,..,..,..,..,..,..,..,..,..,..,..,..,..
"Korea, Dem. People's Rep.",PRK,Access to electricity (% of population),EG.ELC.ACCS.ZS,26,29.3,31.4,33.6,35.7,37.8,40,42.1,44.2,46.3,48.4,50.5,52.6,54.7,..
"Korea, Dem. People's Rep.",PRK,Prevalence of moderate or severe food insecurity in the population (%),SN.ITK.MSFI.ZS,..,..,..,..,..,..,..,..,..,..,..,..,..,..,..
"Korea, Dem. People's Rep.",PRK,Prevalence of severe food insecurity in the population (%),SN.ITK.SVFI.ZS,..,..,..,..,..,..,..,..,..,..,..,..,..,..,..
Liberia,LBR,"Life expectancy at birth, total (years)",SP.DYN.LE00.IN,59.194,59.433,59.62,59.913,59.943,59.121,59.148,60.416,60.553,60.853,61.104,60.948,60.747,61.1,..
Liberia,LBR,"Life expectancy at birth, female (years)",SP.DYN.LE00.FE.IN,60.551,60.644,60.842,61.148,61.124,60.213,60.373,61.554,61.694,62.164,62.298,62.355,62.072,62.392,..
Liberia,LBR,"Life expectancy at birth, male (years)",SP.DYN.LE00.MA.IN,57.811,58.193,58.368,58.651,58.736,58.002,57.898,59.255,59.391,59.525,59.892,59.528,59.411,59.796,..
Liberia,LBR,"Mortality rate attributed to unsafe water, unsafe sanitation and lack of hygiene (per 100,000 population)",SH.STA.WASH.P5,..,..,..,..,..,..,..,..,..,..,34.6,..,..,..,..
Liberia,LBR,"Mortality rate, infant (per 1,000 live births)",SP.DYN.IMRT.IN,74.1,71.7,69.8,68.1,66.7,67.6,64.5,63.1,62,60.7,59.3,57.8,56.4,54.9,..
Liberia,LBR,"Mortality rate, under-5 (per 1,000 live births)",SH.DYN.MORT,103.4,99.6,96.6,94,91.7,91.9,88.1,86,84.3,82.3,80,77.7,75.5,73.2,..
Liberia,LBR,"Incidence of HIV, all (per 1,000 uninfected population)",SH.HIV.INCD.TL.P3,0.73,0.65,0.61,0.55,0.53,0.49,0.42,0.38,0.34,0.29,0.32,0.33,0.28,0.24,..
Liberia,LBR,"Prevalence of HIV, total (% of population ages 15-49)",SH.DYN.AIDS.ZS,1.7,1.6,1.5,1.5,1.4,1.4,1.3,1.2,1.2,1.1,1.1,1.1,1,1,..
Liberia,LBR,People using at least basic sanitation services (% of population),SH.STA.BASS.ZS,15.46138788,15.9511988,16.45017999,16.9578914,17.47480848,18.00047564,18.53513254,19.07878268,19.63094444,20.192091,20.76197361,21.34057675,21.92788787,22.5233825,..
Liberia,LBR,People using safely managed sanitation services (% of population),SH.STA.SMSS.ZS,..,..,..,..,..,..,..,..,..,..,..,..,..,..,..
Liberia,LBR,"Cause of death, by communicable diseases and maternal, prenatal and nutrition conditions (% of total)",SH.DTH.COMM.ZS,..,63.72768262,..,..,..,..,64.79642671,..,..,..,58.43149773,..,..,..,..
Liberia,LBR,Lifetime risk of maternal death (%),SH.MMR.RISK.ZS,3.580557044,3.346958548,3.398349682,3.401908189,3.127216328,3.818531736,3.150976929,2.902176993,3.05810269,3.170704986,2.87616671,2.819788515,..,..,..
Liberia,LBR,Births attended by skilled health staff (% of total),SH.STA.BRTC.ZS,..,..,..,..,61.1,..,..,..,..,..,..,84.4,..,..,..
Liberia,LBR,"Maternal mortality ratio (modeled estimate, per 100,000 live births)",SH.STA.MMRT,638,634,644,644,632,776,686,628,661,684,668,652,..,..,..
Liberia,LBR,Low-birthweight babies (% of births),SH.STA.BRTW.ZS,19.73623955,19.71773782,19.69694018,19.6799741,19.67182339,19.68867393,19.71641265,19.76232962,19.80835968,19.84910526,19.86875088,19.8812653,..,..,..
Liberia,LBR,Access to electricity (% of population),EG.ELC.ACCS.ZS,1.9,5.3,4.1,9.3,9.8,9.4,15.2,17.7,24.2,22.8,23.1,27.6,29.8,31.8,..
Liberia,LBR,Prevalence of moderate or severe food insecurity in the population (%),SN.ITK.MSFI.ZS,..,..,..,..,..,..,79.7,80.7,81,..,80.6,80.6,81.2,..,..
Liberia,LBR,Prevalence of severe food insecurity in the population (%),SN.ITK.SVFI.ZS,..,..,..,..,..,..,38.6,38.4,38.3,..,37.3,37.3,37.5,..,..
Madagascar,MDG,"Life expectancy at birth, total (years)",SP.DYN.LE00.IN,62.734,62.873,63.494,63.544,63.962,64.255,64.339,64.997,65.094,65.27,65.882,65.182,64.485,65.23,..
Madagascar,MDG,"Life expectancy at birth, female (years)",SP.DYN.LE00.FE.IN,64.416,64.606,65.433,65.476,66.231,66.356,66.346,67.136,67.243,67.432,68.21,67.612,66.87,67.617,..
Madagascar,MDG,"Life expectancy at birth, male (years)",SP.DYN.LE00.MA.IN,61.119,61.209,61.642,61.695,61.811,62.25,62.416,62.952,63.038,63.2,63.662,62.891,62.234,62.97,..
Madagascar,MDG,"Mortality rate attributed to unsafe water, unsafe sanitation and lack of hygiene (per 100,000 population)",SH.STA.WASH.P5,..,..,..,..,..,..,..,..,..,..,40.1,..,..,..,..
Madagascar,MDG,"Mortality rate, infant (per 1,000 live births)",SP.DYN.IMRT.IN,49,47.8,46.9,46.2,45.7,45.4,45.2,45.1,45.1,45.2,45.3,45.4,45.4,45.1,..
Madagascar,MDG,"Mortality rate, under-5 (per 1,000 live births)",SH.DYN.MORT,72.6,70.6,69,67.8,66.8,66.2,65.8,65.7,65.7,65.8,66.1,66.3,66.3,65.8,..
Madagascar,MDG,"Incidence of HIV, all (per 1,000 uninfected population)",SH.HIV.INCD.TL.P3,0.15,0.16,0.18,0.2,0.21,0.23,0.25,0.26,0.27,0.29,0.29,0.3,0.3,0.3,..
Madagascar,MDG,"Prevalence of HIV, total (% of population ages 15-49)",SH.DYN.AIDS.ZS,0.1,0.1,0.2,0.2,0.2,0.2,0.2,0.3,0.3,0.3,0.3,0.4,0.4,0.4,..
Madagascar,MDG,People using at least basic sanitation services (% of population),SH.STA.BASS.ZS,8.078091859,8.574232641,9.073173573,9.574977226,10.07961081,10.58722962,11.09769849,11.61117086,12.12760312,12.64704536,13.16933715,13.69473897,14.22296692,14.75428511,..
Madagascar,MDG,People using safely managed sanitation services (% of population),SH.STA.SMSS.ZS,6.829710076,7.247689083,7.666431951,8.085974326,8.506291499,8.927479112,9.349450797,9.772301778,10.19600592,10.6205949,11.04597648,11.4723103,11.8994337,12.32750829,..
Madagascar,MDG,"Cause of death, by communicable diseases and maternal, prenatal and nutrition conditions (% of total)",SH.DTH.COMM.ZS,..,50.61398424,..,..,..,..,47.27127708,..,..,..,45.45944488,..,..,..,..
Madagascar,MDG,Lifetime risk of maternal death (%),SH.MMR.RISK.ZS,2.684718387,2.466205328,2.413744447,2.212393307,2.120226447,2.179458259,2.244907861,2.089961185,1.838257141,1.839055253,1.733445825,1.708952014,..,..,..
Madagascar,MDG,Births attended by skilled health staff (% of total),SH.STA.BRTC.ZS,43.9,..,..,..,44.3,..,..,..,..,46.1,..,..,45.8,..,..
Madagascar,MDG,"Maternal mortality ratio (modeled estimate, per 100,000 live births)",SH.STA.MMRT,507,497,484,476,455,467,482,447,423,423,398,392,..,..,..
Madagascar,MDG,Low-birthweight babies (% of births),SH.STA.BRTW.ZS,19.60388726,19.57581736,19.54340185,19.49897996,19.43649089,19.35283154,19.25947245,19.15460803,19.04332611,18.92827309,18.81887394,18.71212047,..,..,..
Madagascar,MDG,Access to electricity (% of population),EG.ELC.ACCS.ZS,17.4,12.3,14.3,18.7,12.9,23,23.8,22.9,24.1,36.5,31,32,35.1,36.1,..
Madagascar,MDG,Prevalence of moderate or severe food insecurity in the population (%),SN.ITK.MSFI.ZS,..,..,..,..,..,..,..,..,..,58,59.6,61.1,64.9,..,..
Madagascar,MDG,Prevalence of severe food insecurity in the population (%),SN.ITK.SVFI.ZS,..,..,..,..,..,..,..,..,..,9.5,9.9,10.3,12.2,..,..
Malawi,MWI,"Life expectancy at birth, total (years)",SP.DYN.LE00.IN,55.448,56.381,57.455,58.679,59.729,60.899,61.378,62.209,62.977,63.276,64.119,63.717,62.904,62.898,..
Malawi,MWI,"Life expectancy at birth, female (years)",SP.DYN.LE00.FE.IN,57.317,58.41,59.834,61.262,62.633,64.34,64.659,65.671,66.644,66.96,67.968,67.597,66.469,66.326,..
Malawi,MWI,"Life expectancy at birth, male (years)",SP.DYN.LE00.MA.IN,53.551,54.331,55.084,56.116,56.868,57.577,58.187,58.86,59.449,59.724,60.402,60.014,59.493,59.58,..
Malawi,MWI,"Mortality rate attributed to unsafe water, unsafe sanitation and lack of hygiene (per 100,000 population)",SH.STA.WASH.P5,..,..,..,..,..,..,..,..,..,..,30.8,..,..,..,..
Malawi,MWI,"Mortality rate, infant (per 1,000 live births)",SP.DYN.IMRT.IN,54,52,48.4,45.6,42.7,40.3,38.5,36.8,35.3,34.1,32.9,31.8,30.9,30.1,..
Malawi,MWI,"Mortality rate, under-5 (per 1,000 live births)",SH.DYN.MORT,88.1,82.9,76.7,70.4,64.3,59.6,56.4,53.2,50.4,47.6,45.4,43.2,41.4,40.1,..
Malawi,MWI,"Incidence of HIV, all (per 1,000 uninfected population)",SH.HIV.INCD.TL.P3,4.2,4.06,3.75,3.47,3.19,2.92,2.63,2.31,1.92,1.52,1.31,1.13,0.97,0.81,..
Malawi,MWI,"Prevalence of HIV, total (% of population ages 15-49)",SH.DYN.AIDS.ZS,10.7,10.6,10.4,10.3,10.1,9.9,9.6,9.4,9.1,8.7,8.3,7.9,7.5,7.1,..
Malawi,MWI,People using at least basic sanitation services (% of population),SH.STA.BASS.ZS,20.70300131,22.95022073,25.19025157,27.42260338,29.64706199,31.86305957,34.07040349,36.2684898,38.45706697,40.63567367,42.80383781,44.96114989,47.10712573,49.24128881,..
Malawi,MWI,People using safely managed sanitation services (% of population),SH.STA.SMSS.ZS,18.78290152,20.94526726,23.10008287,25.24691701,27.38546712,29.51527349,31.63600753,33.74722136,35.84852886,37.93948079,40.01966386,42.08858506,44.14581993,46.19080996,..
Malawi,MWI,"Cause of death, by communicable diseases and maternal, prenatal and nutrition conditions (% of total)",SH.DTH.COMM.ZS,..,63.00158007,..,..,..,..,53.55969201,..,..,..,49.64724799,..,..,..,..
Malawi,MWI,Lifetime risk of maternal death (%),SH.MMR.RISK.ZS,2.697452484,2.930460105,2.699678171,2.75900925,2.462469483,2.329358728,2.197403208,2.135398475,1.744201618,1.823366363,1.731212398,1.653697608,..,..,..
Malawi,MWI,Births attended by skilled health staff (% of total),SH.STA.BRTC.ZS,..,71.4,..,..,..,87.4,..,89.8,..,..,..,96.4,..,..,..
Malawi,MWI,"Maternal mortality ratio (modeled estimate, per 100,000 live births)",SH.STA.MMRT,476,513,496,502,473,442,445,430,375,392,370,381,..,..,..
Malawi,MWI,Low-birthweight babies (% of births),SH.STA.BRTW.ZS,15.87034354,15.82933914,15.81446077,15.81643031,15.82263733,15.82486683,15.81858387,15.79061511,15.75454101,15.70602917,15.64313496,15.57640226,..,..,..
Malawi,MWI,Access to electricity (% of population),EG.ELC.ACCS.ZS,8.3,8.7,7.6,7.4,9,11.9,10.8,11,12.7,18,11.2,11.5,14.2,14,..
Malawi,MWI,Prevalence of moderate or severe food insecurity in the population (%),SN.ITK.MSFI.ZS,..,..,..,..,..,..,78.1,79.2,80.3,78.8,79.9,81.3,82.4,..,..
Malawi,MWI,Prevalence of severe food insecurity in the population (%),SN.ITK.SVFI.ZS,..,..,..,..,..,..,47.7,48.5,49.7,48.3,49.5,51,52.2,..,..
Mali,MLI,"Life expectancy at birth, total (years)",SP.DYN.LE00.IN,55.874,56.382,56.755,57.079,57.357,57.9,58.363,58.731,59.132,59.393,59.664,58.633,58.941,59.417,..
Mali,MLI,"Life expectancy at birth, female (years)",SP.DYN.LE00.FE.IN,56.753,57.328,57.723,58.08,58.463,58.969,59.468,59.704,60.235,60.694,60.841,59.94,60.331,60.832,..
Mali,MLI,"Life expectancy at birth, male (years)",SP.DYN.LE00.MA.IN,55.01,55.453,55.808,56.101,56.281,56.858,57.288,57.777,58.059,58.14,58.523,57.385,57.618,58.068,..
Mali,MLI,"Mortality rate attributed to unsafe water, unsafe sanitation and lack of hygiene (per 100,000 population)",SH.STA.WASH.P5,..,..,..,..,..,..,..,..,..,..,66.1,..,..,..,..
Mali,MLI,"Mortality rate, infant (per 1,000 live births)",SP.DYN.IMRT.IN,80.1,78.3,76.5,74.8,73.1,71.6,70,68.5,67.1,65.7,64.2,62.9,61.4,60.1,..
Mali,MLI,"Mortality rate, under-5 (per 1,000 live births)",SH.DYN.MORT,138.1,133.8,129.8,126,122.3,118.8,115.3,112,108.9,105.8,102.7,99.7,96.7,93.8,..
Mali,MLI,"Incidence of HIV, all (per 1,000 uninfected population)",SH.HIV.INCD.TL.P3,0.6,0.53,0.5,0.46,0.48,0.46,0.42,0.4,0.39,0.35,0.35,0.31,0.29,0.28,..
Mali,MLI,"Prevalence of HIV, total (% of population ages 15-49)",SH.DYN.AIDS.ZS,1.3,1.3,1.3,1.3,1.2,1.2,1.1,1.1,1.1,1,1,1,0.9,0.9,..
Mali,MLI,People using at least basic sanitation services (% of population),SH.STA.BASS.ZS,28.12306443,29.6838044,31.27028444,32.88168545,34.517191,36.17623653,37.85781199,39.56137893,41.28640184,43.03193857,44.79769672,46.58258955,48.38654613,50.20855112,..
Mali,MLI,People using safely managed sanitation services (% of population),SH.STA.SMSS.ZS,9.174402239,9.691204218,10.20997647,10.73023636,11.25153014,11.77335791,12.29539766,12.81720315,13.33833116,13.8585726,14.37742417,14.89488796,15.40850196,15.91964268,..
Mali,MLI,"Cause of death, by communicable diseases and maternal, prenatal and nutrition conditions (% of total)",SH.DTH.COMM.ZS,..,66.53067346,..,..,..,..,63.29604558,..,..,..,60.25432518,..,..,..,..
Mali,MLI,Lifetime risk of maternal death (%),SH.MMR.RISK.ZS,3.764153645,3.726726336,3.730390305,3.79011246,3.717416063,3.549048085,3.384775416,3.065845284,2.962303318,2.880993479,2.665617458,2.739294346,..,..,..
Mali,MLI,Births attended by skilled health staff (% of total),SH.STA.BRTC.ZS,..,28.1,..,..,58.6,..,43.7,..,..,67.3,..,..,..,..,..
Mali,MLI,"Maternal mortality ratio (modeled estimate, per 100,000 live births)",SH.STA.MMRT,553,547,547,555,544,519,494,470,453,440,428,440,..,..,..
Mali,MLI,Low-birthweight babies (% of births),SH.STA.BRTW.ZS,..,..,..,..,..,..,..,..,..,..,..,..,..,..,..
Mali,MLI,Access to electricity (% of population),EG.ELC.ACCS.ZS,24,27,28.8,25.6,32.4,34.2,37.6,38.8,34.8,50.9,47.9,50.6,53.4,53,..
Mali,MLI,Prevalence of moderate or severe food insecurity in the population (%),SN.ITK.MSFI.ZS,..,..,..,..,..,..,..,..,..,..,..,..,..,..,..
Mali,MLI,Prevalence of severe food insecurity in the population (%),SN.ITK.SVFI.ZS,..,..,..,..,..,..,..,..,..,..,..,..,..,..,..
Mozambique,MOZ,"Life expectancy at birth, total (years)",SP.DYN.LE00.IN,53.788,54.198,54.869,55.639,56.492,57.274,58.151,59.038,59.771,60.526,61.166,61.172,59.325,59.625,..
Mozambique,MOZ,"Life expectancy at birth, female (years)",SP.DYN.LE00.FE.IN,55.282,55.837,56.584,57.521,58.523,59.439,60.44,61.475,62.221,63.234,63.92,64.16,62.432,62.688,..
Mozambique,MOZ,"Life expectancy at birth, male (years)",SP.DYN.LE00.MA.IN,52.18,52.441,53.03,53.63,54.336,54.989,55.748,56.492,57.213,57.721,58.312,58.111,56.204,56.529,..
Mozambique,MOZ,"Mortality rate attributed to unsafe water, unsafe sanitation and lack of hygiene (per 100,000 population)",SH.STA.WASH.P5,..,..,..,..,..,..,..,..,..,..,45.6,..,..,..,..
Mozambique,MOZ,"Mortality rate, infant (per 1,000 live births)",SP.DYN.IMRT.IN,71.5,71,67.5,65,62.8,61.3,59.6,57.9,55.7,54.2,52.6,51.4,50,48.7,..
Mozambique,MOZ,"Mortality rate, under-5 (per 1,000 live births)",SH.DYN.MORT,107.5,104.5,100.1,95.8,91.2,87.3,82.8,79.4,77,74.8,72,70.1,68.1,66.2,..
Mozambique,MOZ,"Incidence of HIV, all (per 1,000 uninfected population)",SH.HIV.INCD.TL.P3,7.52,7.69,7.31,7.03,6.75,6.18,5.82,5.48,5.03,4.82,4.64,4.52,4,3.2,..
Mozambique,MOZ,"Prevalence of HIV, total (% of population ages 15-49)",SH.DYN.AIDS.ZS,11.6,11.8,11.9,12.1,12.2,12.3,12.4,12.4,12.3,12.3,12.2,12.1,11.9,11.6,..
Mozambique,MOZ,People using at least basic sanitation services (% of population),SH.STA.BASS.ZS,20.06456175,21.31700696,22.58676723,23.87370142,25.17766075,26.49849353,27.83605091,29.19016979,30.56032825,31.94671944,33.35031121,34.77058047,36.07188062,37.37979668,..
Mozambique,MOZ,People using safely managed sanitation services (% of population),SH.STA.SMSS.ZS,..,..,..,..,..,..,..,..,..,..,..,..,..,..,..
Mozambique,MOZ,"Cause of death, by communicable diseases and maternal, prenatal and nutrition conditions (% of total)",SH.DTH.COMM.ZS,..,62.17819511,..,..,..,..,58.4835516,..,..,..,54.4396366,..,..,..,..
Mozambique,MOZ,Lifetime risk of maternal death (%),SH.MMR.RISK.ZS,2.023585915,1.839632419,1.703675373,1.569480804,1.325386139,1.334010025,1.258074183,1.023138277,0.939429611,0.853959902,0.801593512,0.641200717,..,..,..
Mozambique,MOZ,Births attended by skilled health staff (% of total),SH.STA.BRTC.ZS,..,..,54.3,..,..,..,73,..,..,..,..,..,..,..,..
Mozambique,MOZ,"Maternal mortality ratio (modeled estimate, per 100,000 live births)",SH.STA.MMRT,355,322,296,271,241,241,226,194,177,160,150,127,..,..,..
Mozambique,MOZ,Low-birthweight babies (% of births),SH.STA.BRTW.ZS,18.48927837,18.3514668,18.22383997,18.11548988,18.0298546,17.96641801,17.91827111,17.88144373,17.84725443,17.81782934,17.78873826,17.76020276,..,..,..
Mozambique,MOZ,Access to electricity (% of population),EG.ELC.ACCS.ZS,15,18.9,20.2,21.2,22.4,24.8,24,26.2,24.3,31.1,29.7,30.6,31.5,33.2,..
Mozambique,MOZ,Prevalence of moderate or severe food insecurity in the population (%),SN.ITK.MSFI.ZS,..,..,..,..,..,..,..,..,68.4,68.4,71.1,73.7,75.4,..,..
Mozambique,MOZ,Prevalence of severe food insecurity in the population (%),SN.ITK.SVFI.ZS,..,..,..,..,..,..,..,..,40.7,40.7,40.5,40.4,39.6,..,..
Niger,NER,"Life expectancy at birth, total (years)",SP.DYN.LE00.IN,57.396,58.367,58.994,59.65,60.239,60.786,61.083,61.629,62.16,62.454,62.897,61.451,61.576,62.08,..
Niger,NER,"Life expectancy at birth, female (years)",SP.DYN.LE00.FE.IN,58.006,59.041,59.692,60.252,60.952,61.544,62.095,62.599,63.145,63.295,63.939,62.454,62.794,63.401,..
Niger,NER,"Life expectancy at birth, male (years)",SP.DYN.LE00.MA.IN,56.742,57.654,58.263,59.013,59.499,60.006,60.069,60.656,61.176,61.611,61.868,60.472,60.407,60.816,..
Niger,NER,"Mortality rate attributed to unsafe water, unsafe sanitation and lack of hygiene (per 100,000 population)",SH.STA.WASH.P5,..,..,..,..,..,..,..,..,..,..,70.3,..,..,..,..
Niger,NER,"Mortality rate, infant (per 1,000 live births)",SP.DYN.IMRT.IN,68.5,67,65.9,65,64.4,63.9,63.5,63.1,62.7,62.3,62,61.6,61,60.3,..
Niger,NER,"Mortality rate, under-5 (per 1,000 live births)",SH.DYN.MORT,140.9,136.6,133.4,131,129.2,127.8,126.5,125.5,124.3,123.2,122.2,121,119.3,117.3,..
Niger,NER,"Incidence of HIV, all (per 1,000 uninfected population)",SH.HIV.INCD.TL.P3,0.11,0.08,0.08,0.08,0.08,0.07,0.08,0.07,0.07,0.07,0.07,0.07,0.06,0.06,..
Niger,NER,"Prevalence of HIV, total (% of population ages 15-49)",SH.DYN.AIDS.ZS,0.4,0.4,0.3,0.3,0.3,0.3,0.3,0.2,0.2,0.2,0.2,0.2,0.2,0.2,..
Niger,NER,People using at least basic sanitation services (% of population),SH.STA.BASS.ZS,9.97724247,10.4624965,10.94357489,11.42108661,11.89472651,12.36965957,12.84711594,13.32697458,13.81056598,14.29777602,14.79003828,15.28807749,15.88156173,16.409657,..
Niger,NER,People using safely managed sanitation services (% of population),SH.STA.SMSS.ZS,5.174085123,5.405512811,5.633481263,5.858224774,6.079625113,6.299589207,6.518507124,6.736270421,6.953301284,7.169499991,7.385322181,7.600967144,7.87185873,8.116053123,..
Niger,NER,"Cause of death, by communicable diseases and maternal, prenatal and nutrition conditions (% of total)",SH.DTH.COMM.ZS,..,68.25232334,..,..,..,..,62.6832907,..,..,..,59.17361433,..,..,..,..
Niger,NER,Lifetime risk of maternal death (%),SH.MMR.RISK.ZS,5.050197096,4.476128035,4.345606789,4.235581408,4.05606624,3.889127735,3.729654786,3.567812065,3.16107286,3.151997497,2.997562326,3.217417122,..,..,..
Niger,NER,Births attended by skilled health staff (% of total),SH.STA.BRTC.ZS,..,..,..,29.3,..,..,39.7,39.1,..,..,..,..,43.7,..,..
Niger,NER,"Maternal mortality ratio (modeled estimate, per 100,000 live births)",SH.STA.MMRT,644,594,576,561,536,513,491,468,433,432,410,441,..,..,..
Niger,NER,Low-birthweight babies (% of births),SH.STA.BRTW.ZS,..,..,..,..,..,..,..,..,..,..,..,..,..,..,..
Niger,NER,Access to electricity (% of population),EG.ELC.ACCS.ZS,12.3,13.6,14.3,14.4,15.2,15.7,16.6,17,17.6,17.6,18.5,18.7,18.6,19.5,..
Niger,NER,Prevalence of moderate or severe food insecurity in the population (%),SN.ITK.MSFI.ZS,..,..,..,..,..,..,..,..,50,52.1,56.4,..,71.4,..,..
Niger,NER,Prevalence of severe food insecurity in the population (%),SN.ITK.SVFI.ZS,..,..,..,..,..,..,..,..,10,11.9,16.6,..,30.5,..,..
Rwanda,RWA,"Life expectancy at birth, total (years)",SP.DYN.LE00.IN,61.958,62.54,63.261,64.009,64.426,64.94,65.298,65.737,65.941,66.251,66.437,66.774,66.072,67.129,..
Rwanda,RWA,"Life expectancy at birth, female (years)",SP.DYN.LE00.FE.IN,63.403,64.181,65.09,65.873,66.089,66.906,67.16,67.924,68.104,68.266,68.48,68.996,68.164,69.244,..
Rwanda,RWA,"Life expectancy at birth, male (years)",SP.DYN.LE00.MA.IN,60.349,60.738,61.247,61.946,62.571,62.764,63.219,63.33,63.556,64.013,64.18,64.358,63.798,64.813,..
Rwanda,RWA,"Mortality rate attributed to unsafe water, unsafe sanitation and lack of hygiene (per 100,000 population)",SH.STA.WASH.P5,..,..,..,..,..,..,..,..,..,..,25,..,..,..,..
Rwanda,RWA,"Mortality rate, infant (per 1,000 live births)",SP.DYN.IMRT.IN,47.1,44.1,40.7,38.9,37.2,35.8,34.7,33.8,33,32.1,31.2,30.3,29.5,28.8,..
Rwanda,RWA,"Mortality rate, under-5 (per 1,000 live births)",SH.DYN.MORT,69.6,63.8,58.5,54.9,52,49.6,47.7,46.1,44.7,43.4,42,40.5,39.2,38,..
Rwanda,RWA,"Incidence of HIV, all (per 1,000 uninfected population)",SH.HIV.INCD.TL.P3,1.22,1.16,0.99,0.94,0.84,0.76,0.64,0.53,0.46,0.39,0.31,0.27,0.27,0.24,..
Rwanda,RWA,"Prevalence of HIV, total (% of population ages 15-49)",SH.DYN.AIDS.ZS,3.7,3.7,3.6,3.5,3.4,3.3,3.2,3.1,2.9,2.8,2.7,2.6,2.4,2.3,..
Rwanda,RWA,People using at least basic sanitation services (% of population),SH.STA.BASS.ZS,57.60545072,58.97270437,60.33990942,61.70702272,63.07411459,64.43966488,65.80252404,67.16184973,68.51634336,69.86487595,71.20652487,72.53998769,73.86410779,73.82644548,..
Rwanda,RWA,People using safely managed sanitation services (% of population),SH.STA.SMSS.ZS,..,..,..,..,..,..,..,..,..,..,..,..,..,..,..
Rwanda,RWA,"Cause of death, by communicable diseases and maternal, prenatal and nutrition conditions (% of total)",SH.DTH.COMM.ZS,..,49.67380274,..,..,..,..,42.22740639,..,..,..,38.18091588,..,..,..,..
Rwanda,RWA,Lifetime risk of maternal death (%),SH.MMR.RISK.ZS,1.859292539,1.793812688,1.717415608,1.428722159,1.408604441,1.341024721,1.36202303,1.278017445,1.111298238,1.138881057,1.139760281,1.053312211,..,..,..
Rwanda,RWA,Births attended by skilled health staff (% of total),SH.STA.BRTC.ZS,..,69,69,..,..,..,90.7,..,..,..,..,94.2,..,..,..
Rwanda,RWA,"Maternal mortality ratio (modeled estimate, per 100,000 live births)",SH.STA.MMRT,401,386,368,328,323,307,312,292,275,281,281,259,..,..,..
Rwanda,RWA,Low-birthweight babies (% of births),SH.STA.BRTW.ZS,9.115219851,9.18918941,9.252822585,9.295094399,9.325018835,9.345300782,9.355109026,9.361540859,9.368543435,9.374252375,9.385071661,9.398525709,..,..,..
Rwanda,RWA,Access to electricity (% of population),EG.ELC.ACCS.ZS,15.6,9.7,10.8,17.5,15.2,19.8,22.8,29.4,34.1,38,46.6,45.2,48.7,50.6,..
Rwanda,RWA,Prevalence of moderate or severe food insecurity in the population (%),SN.ITK.MSFI.ZS,..,..,..,..,..,..,..,..,..,..,..,..,..,..,..
Rwanda,RWA,Prevalence of severe food insecurity in the population (%),SN.ITK.SVFI.ZS,..,..,..,..,..,..,..,..,..,..,..,..,..,..,..
Sierra Leone,SLE,"Life expectancy at birth, total (years)",SP.DYN.LE00.IN,52.626,53.693,54.62,55.451,56.313,56.393,57.189,58.404,58.652,59.796,60.255,59.763,60.062,60.411,..
Sierra Leone,SLE,"Life expectancy at birth, female (years)",SP.DYN.LE00.FE.IN,53.363,54.49,55.441,56.321,57.26,57.337,58.202,59.556,59.794,61.168,61.554,61.116,61.354,61.693,..
Sierra Leone,SLE,"Life expectancy at birth, male (years)",SP.DYN.LE00.MA.IN,51.852,52.863,53.766,54.55,55.338,55.422,56.151,57.235,57.491,58.419,58.941,58.404,58.758,59.115,..
Sierra Leone,SLE,"Mortality rate attributed to unsafe water, unsafe sanitation and lack of hygiene (per 100,000 population)",SH.STA.WASH.P5,..,..,..,..,..,..,..,..,..,..,69.5,..,..,..,..
Sierra Leone,SLE,"Mortality rate, infant (per 1,000 live births)",SP.DYN.IMRT.IN,110.8,107.3,104,100.8,97.9,95.8,95.3,89.9,87.4,85,82.6,80.3,78.1,76,..
Sierra Leone,SLE,"Mortality rate, under-5 (per 1,000 live births)",SH.DYN.MORT,168.1,160.9,154.1,147.6,141.6,139.6,140.5,125.7,121,116.6,112.2,108.2,104.4,100.8,..
Sierra Leone,SLE,"Incidence of HIV, all (per 1,000 uninfected population)",SH.HIV.INCD.TL.P3,0.97,0.93,0.86,0.79,0.78,0.77,0.73,0.69,0.64,0.63,0.62,0.61,0.51,0.44,..
Sierra Leone,SLE,"Prevalence of HIV, total (% of population ages 15-49)",SH.DYN.AIDS.ZS,1.7,1.6,1.6,1.6,1.6,1.6,1.5,1.5,1.5,1.5,1.5,1.4,1.4,1.4,..
Sierra Leone,SLE,People using at least basic sanitation services (% of population),SH.STA.BASS.ZS,12.13622097,12.83772609,13.56017966,14.3035858,15.0676037,15.8525628,16.65828544,17.48494717,18.33385814,19.20548437,20.09973877,21.01671302,21.95649816,22.91918718,..
Sierra Leone,SLE,People using safely managed sanitation services (% of population),SH.STA.SMSS.ZS,7.876339319,8.330927927,8.798736056,9.279736538,9.77370769,10.28080676,10.80090452,11.43117897,12.06329406,12.68986793,13.33530879,13.99987471,14.68383094,15.38745213,..
Sierra Leone,SLE,"Cause of death, by communicable diseases and maternal, prenatal and nutrition conditions (% of total)",SH.DTH.COMM.ZS,..,67.87886628,..,..,..,..,65.28889061,..,..,..,56.67575956,..,..,..,..
Sierra Leone,SLE,Lifetime risk of maternal death (%),SH.MMR.RISK.ZS,4.910619277,4.592985626,3.775972066,3.476420648,3.310737563,3.032869719,2.897516564,2.337800696,2.408712844,2.144812485,1.887764461,1.923018837,..,..,..
Sierra Leone,SLE,Births attended by skilled health staff (% of total),SH.STA.BRTC.ZS,..,60.8,..,..,59.7,..,..,..,81.6,..,86.9,..,..,..,..
Sierra Leone,SLE,"Maternal mortality ratio (modeled estimate, per 100,000 live births)",SH.STA.MMRT,901,837,728,667,632,618,588,505,520,460,435,443,..,..,..
Sierra Leone,SLE,Low-birthweight babies (% of births),SH.STA.BRTW.ZS,11.90369318,11.72837087,11.54420266,11.36359924,11.21181459,11.09172065,11.00729654,10.91303428,10.79180421,10.65458485,10.49709091,10.3436843,..,..,..
Sierra Leone,SLE,Access to electricity (% of population),EG.ELC.ACCS.ZS,14.6,11.5,14.2,17.2,13.5,18.8,19.7,20.3,23.4,26.1,22.7,26.3,27.5,29.4,..
Sierra Leone,SLE,Prevalence of moderate or severe food insecurity in the population (%),SN.ITK.MSFI.ZS,..,..,..,..,..,..,75.8,81.5,83,83,85.3,86.7,89.2,..,..
Sierra Leone,SLE,Prevalence of severe food insecurity in the population (%),SN.ITK.SVFI.ZS,..,..,..,..,..,..,26.7,32,32.6,32.4,32.2,31.5,31.9,..,..
Somalia,SOM,"Life expectancy at birth, total (years)",SP.DYN.LE00.IN,51.853,50.563,51.304,53.161,53.843,54.277,54.857,55.044,55.654,56.375,57.078,55.967,55.28,56.107,..
Somalia,SOM,"Life expectancy at birth, female (years)",SP.DYN.LE00.FE.IN,53.446,52.538,53.038,55.139,55.775,56.362,56.93,57.293,57.809,58.545,59.092,58.051,57.414,58.233,..
Somalia,SOM,"Life expectancy at birth, male (years)",SP.DYN.LE00.MA.IN,50.298,48.669,49.625,51.248,51.97,52.267,52.855,52.887,53.577,54.283,55.122,53.967,53.246,54.072,..
Somalia,SOM,"Mortality rate attributed to unsafe water, unsafe sanitation and lack of hygiene (per 100,000 population)",SH.STA.WASH.P5,..,..,..,..,..,..,..,..,..,..,99.2,..,..,..,..
Somalia,SOM,"Mortality rate, infant (per 1,000 live births)",SP.DYN.IMRT.IN,98.2,95.5,92.9,90.2,87.5,85.1,82.7,80.5,78.1,75.9,73.8,71.7,69.8,68,..
Somalia,SOM,"Mortality rate, under-5 (per 1,000 live births)",SH.DYN.MORT,161.1,156.1,151.2,146.2,141.3,137,132.6,128.5,124.2,120.2,116.5,112.9,109.4,106.1,..
Somalia,SOM,"Incidence of HIV, all (per 1,000 uninfected population)",SH.HIV.INCD.TL.P3,..,..,..,..,..,..,..,..,..,..,..,..,..,..,..
Somalia,SOM,"Prevalence of HIV, total (% of population ages 15-49)",SH.DYN.AIDS.ZS,..,..,..,..,..,..,..,..,..,..,..,..,..,..,..
Somalia,SOM,People using at least basic sanitation services (% of population),SH.STA.BASS.ZS,27.25764738,28.63190619,30.01958317,31.00427533,32.00098644,33.01001229,34.03125899,35.06461223,36.1092644,37.16507373,38.23090616,39.30661599,40.39141264,40.57580312,..
Somalia,SOM,People using safely managed sanitation services (% of population),SH.STA.SMSS.ZS,21.60144965,22.68708517,23.78602777,24.60296699,25.43063625,26.26924721,27.11873816,27.97903605,28.84957204,29.73025443,30.62027642,31.5195428,32.42749157,32.56205286,..
Somalia,SOM,"Cause of death, by communicable diseases and maternal, prenatal and nutrition conditions (% of total)",SH.DTH.COMM.ZS,..,66.16934765,..,..,..,..,64.08664484,..,..,..,61.01646017,..,..,..,..
Somalia,SOM,Lifetime risk of maternal death (%),SH.MMR.RISK.ZS,6.681727939,6.75579699,6.602611191,6.102549387,5.872405356,5.631744638,5.418712419,4.837732637,4.659745124,4.449926836,3.956906069,4.049563775,..,..,..
Somalia,SOM,Births attended by skilled health staff (% of total),SH.STA.BRTC.ZS,..,..,..,..,..,..,..,..,..,..,31.9,..,..,..,..
Somalia,SOM,"Maternal mortality ratio (modeled estimate, per 100,000 live births)",SH.STA.MMRT,951,963,940,863,828,793,761,711,683,651,606,621,..,..,..
Somalia,SOM,Low-birthweight babies (% of births),SH.STA.BRTW.ZS,..,..,..,..,..,..,..,..,..,..,..,..,..,..,..
Somalia,SOM,Access to electricity (% of population),EG.ELC.ACCS.ZS,25.5,52.3,52,51.8,51.5,51.4,51.2,51.1,52.1,50.7,49.2,49.9,49.3,48.9,..
Somalia,SOM,Prevalence of moderate or severe food insecurity in the population (%),SN.ITK.MSFI.ZS,..,..,..,..,..,..,..,..,..,..,..,77.4,79.5,..,..
Somalia,SOM,Prevalence of severe food insecurity in the population (%),SN.ITK.SVFI.ZS,..,..,..,..,..,..,..,..,..,..,..,41.7,43.4,..,..
South Sudan,SSD,"Life expectancy at birth, total (years)",SP.DYN.LE00.IN,53.891,54.812,54.94,55.865,55.751,54.973,55.566,55.544,55.309,55.95,55.912,55.48,54.975,55.567,..
South Sudan,SSD,"Life expectancy at birth, female (years)",SP.DYN.LE00.FE.IN,54.997,55.831,56.296,57.132,57.102,57.075,57.176,57.233,57.138,57.35,57.29,56.998,56.472,57.047,..
South Sudan,SSD,"Life expectancy at birth, male (years)",SP.DYN.LE00.MA.IN,52.724,53.733,53.54,54.556,54.366,52.889,53.927,53.829,53.455,54.487,54.471,53.906,53.429,54.036,..
South Sudan,SSD,"Mortality rate attributed to unsafe water, unsafe sanitation and lack of hygiene (per 100,000 population)",SH.STA.WASH.P5,..,..,..,..,..,..,..,..,..,..,68.1,..,..,..,..
South Sudan,SSD,"Mortality rate, infant (per 1,000 live births)",SP.DYN.IMRT.IN,72.8,69.7,66.9,65,64.1,63.8,63.8,63.8,63.8,63.8,63.8,63.8,63.8,63.8,..
South Sudan,SSD,"Mortality rate, under-5 (per 1,000 live births)",SH.DYN.MORT,114.7,109.2,104.3,101,99.2,98.8,98.8,98.8,98.8,98.8,98.8,98.8,98.8,98.8,..
South Sudan,SSD,"Incidence of HIV, all (per 1,000 uninfected population)",SH.HIV.INCD.TL.P3,1.5,1.42,1.35,1.4,1.35,1.39,1.25,1.27,1.14,1.02,0.93,0.86,0.84,0.79,..
South Sudan,SSD,"Prevalence of HIV, total (% of population ages 15-49)",SH.DYN.AIDS.ZS,2.4,2.4,2.3,2.3,2.3,2.3,2.2,2.2,2.2,2.1,2.1,2,2,1.9,..
South Sudan,SSD,People using at least basic sanitation services (% of population),SH.STA.BASS.ZS,..,..,6.868187151,7.802378287,8.783811663,9.813754902,10.8939961,12.02581005,13.21072504,14.45063574,15.74727768,15.84481737,15.94723372,16.0551794,..
South Sudan,SSD,People using safely managed sanitation services (% of population),SH.STA.SMSS.ZS,..,..,..,..,..,..,..,..,..,..,..,..,..,..,..
South Sudan,SSD,"Cause of death, by communicable diseases and maternal, prenatal and nutrition conditions (% of total)",SH.DTH.COMM.ZS,..,67.91377192,..,..,..,..,62.96906827,..,..,..,61.30458252,..,..,..,..
South Sudan,SSD,Lifetime risk of maternal death (%),SH.MMR.RISK.ZS,6.016846093,5.38646206,5.408539741,5.45774381,5.779425939,5.612061428,5.868891704,6.173202005,5.595956637,5.70677965,5.17479443,5.089275142,..,..,..
South Sudan,SSD,Births attended by skilled health staff (% of total),SH.STA.BRTC.ZS,..,19.4,..,..,..,..,..,..,..,..,..,39.7,..,..,..
South Sudan,SSD,"Maternal mortality ratio (modeled estimate, per 100,000 live births)",SH.STA.MMRT,1118,1060,1062,1067,1131,1172,1225,1288,1252,1275,1245,1223,..,..,..
South Sudan,SSD,Low-birthweight babies (% of births),SH.STA.BRTW.ZS,..,..,..,..,..,..,..,..,..,..,..,..,..,..,..
South Sudan,SSD,Access to electricity (% of population),EG.ELC.ACCS.ZS,3,1.5,2.8,3.3,3.8,4.3,4.8,5.3,4.2,6.3,6.8,7.3,7.7,8.4,..
South Sudan,SSD,Prevalence of moderate or severe food insecurity in the population (%),SN.ITK.MSFI.ZS,..,..,..,..,..,..,..,..,85.1,84.9,85.7,86.4,87.3,..,..
South Sudan,SSD,Prevalence of severe food insecurity in the population (%),SN.ITK.SVFI.ZS,..,..,..,..,..,..,..,..,65.4,63.7,63,62.3,63.2,..,..
Sudan,SDN,"Life expectancy at birth, total (years)",SP.DYN.LE00.IN,62.644,63.016,63.246,63.792,63.678,64.269,64.659,64.78,65.445,65.681,65.876,65.614,65.267,65.578,..
Sudan,SDN,"Life expectancy at birth, female (years)",SP.DYN.LE00.FE.IN,65.321,65.506,65.801,66.447,66.597,67.233,67.349,67.432,68.018,68.233,68.388,68.208,67.879,68.184,..
Sudan,SDN,"Life expectancy at birth, male (years)",SP.DYN.LE00.MA.IN,60.127,60.654,60.819,61.266,60.917,61.461,62.081,62.23,62.957,63.208,63.432,63.106,62.741,63.048,..
Sudan,SDN,"Mortality rate attributed to unsafe water, unsafe sanitation and lack of hygiene (per 100,000 population)",SH.STA.WASH.P5,..,..,..,..,..,..,..,..,..,..,15.8,..,..,..,..
Sudan,SDN,"Mortality rate, infant (per 1,000 live births)",SP.DYN.IMRT.IN,51.3,50,48.9,47.7,46.7,45.6,44.5,43.4,42.3,41.3,40.2,39.2,38.1,37,..
Sudan,SDN,"Mortality rate, under-5 (per 1,000 live births)",SH.DYN.MORT,76.7,74.4,72.4,70.4,68.5,66.6,64.7,62.7,60.8,59,57.1,55.3,53.4,51.6,..
Sudan,SDN,"Incidence of HIV, all (per 1,000 uninfected population)",SH.HIV.INCD.TL.P3,0.08,0.08,0.08,0.08,0.08,0.08,0.07,0.08,0.08,0.08,0.08,0.08,0.09,0.09,..
Sudan,SDN,"Prevalence of HIV, total (% of population ages 15-49)",SH.DYN.AIDS.ZS,0.1,0.1,0.1,0.1,0.1,0.1,0.1,0.1,0.1,0.1,0.1,0.1,0.1,0.1,..
Sudan,SDN,People using at least basic sanitation services (% of population),SH.STA.BASS.ZS,26.92019243,28.2380452,29.57154962,30.92075822,32.28639395,33.66851838,35.06823626,36.48562633,36.57503217,36.67269719,36.77826076,36.89208337,..,..,..
Sudan,SDN,People using safely managed sanitation services (% of population),SH.STA.SMSS.ZS,..,..,..,..,..,..,..,..,..,..,..,..,..,..,..
Sudan,SDN,"Cause of death, by communicable diseases and maternal, prenatal and nutrition conditions (% of total)",SH.DTH.COMM.ZS,..,44.79891642,..,..,..,..,38.13089125,..,..,..,35.54565104,..,..,..,..
Sudan,SDN,Lifetime risk of maternal death (%),SH.MMR.RISK.ZS,2.101735104,2.044840931,1.771375192,1.653691347,1.620810585,1.513685319,1.500972765,1.516537273,1.460512428,1.47806264,1.503549257,1.276611606,..,..,..
Sudan,SDN,Births attended by skilled health staff (% of total),SH.STA.BRTC.ZS,..,72.5,..,..,..,77.7,..,..,..,..,..,..,..,..,..
Sudan,SDN,"Maternal mortality ratio (modeled estimate, per 100,000 live births)",SH.STA.MMRT,394,383,354,330,323,301,298,301,290,293,298,270,..,..,..
Sudan,SDN,Low-birthweight babies (% of births),SH.STA.BRTW.ZS,..,..,..,..,..,..,..,..,..,..,..,..,..,..,..
Sudan,SDN,Access to electricity (% of population),EG.ELC.ACCS.ZS,29,36,38.3,40.7,43.1,44.9,48,50.5,53,55.3,57.6,59.7,61.8,63.2,..
Sudan,SDN,Prevalence of moderate or severe food insecurity in the population (%),SN.ITK.MSFI.ZS,..,..,..,..,..,..,41.4,43.9,46.4,48.9,49.4,50.7,51.8,..,..
Sudan,SDN,Prevalence of severe food insecurity in the population (%),SN.ITK.SVFI.ZS,..,..,..,..,..,..,13.4,14.4,15.4,16.4,16.8,17.4,18.1,..,..
Syrian Arab Republic,SYR,"Life expectancy at birth, total (years)",SP.DYN.LE00.IN,73.853,73.881,73.305,66.769,63.827,63.153,65.124,65.993,68.481,70.145,71.822,72.14,72.063,72.3,..
Syrian Arab Republic,SYR,"Life expectancy at birth, female (years)",SP.DYN.LE00.FE.IN,76.668,76.682,76.359,71.816,69.768,68.945,70.351,71.005,74.93,75.168,75.638,75.555,75.175,76.117,..
Syrian Arab Republic,SYR,"Life expectancy at birth, male (years)",SP.DYN.LE00.MA.IN,71.329,71.352,70.546,62.428,58.832,58.228,60.566,61.574,62.957,65.625,68.224,68.888,69.058,68.671,..
Syrian Arab Republic,SYR,"Mortality rate attributed to unsafe water, unsafe sanitation and lack of hygiene (per 100,000 population)",SH.STA.WASH.P5,..,..,..,..,..,..,..,..,..,..,9.1,..,..,..,..
Syrian Arab Republic,SYR,"Mortality rate, infant (per 1,000 live births)",SP.DYN.IMRT.IN,16.3,16.3,18.3,26.3,28.3,27.2,26.7,23.2,24.4,25.7,20.4,18.6,18.1,17.8,..
Syrian Arab Republic,SYR,"Mortality rate, under-5 (per 1,000 live births)",SH.DYN.MORT,19,19,23.9,44,48.6,45.7,43.9,34.7,37.4,40.5,27,22.7,21.6,21.4,..
Syrian Arab Republic,SYR,"Incidence of HIV, all (per 1,000 uninfected population)",SH.HIV.INCD.TL.P3,0.01,0.01,0.01,0.01,0.01,0.01,0.01,0.01,0.01,0.01,0.01,0.01,0.01,0.01,..
Syrian Arab Republic,SYR,"Prevalence of HIV, total (% of population ages 15-49)",SH.DYN.AIDS.ZS,0.1,0.1,0.1,0.1,0.1,0.1,0.1,0.1,0.1,0.1,0.1,0.1,0.1,0.1,..
Syrian Arab Republic,SYR,People using at least basic sanitation services (% of population),SH.STA.BASS.ZS,90.76525252,91.10323177,91.3661562,91.63465551,91.90899948,92.18913573,92.54832191,92.90464017,93.25803452,93.60846332,93.95593183,94.30038024,94.64183196,94.98032512,..
Syrian Arab Republic,SYR,People using safely managed sanitation services (% of population),SH.STA.SMSS.ZS,..,..,..,..,..,..,..,..,..,..,..,..,..,..,..
Syrian Arab Republic,SYR,"Cause of death, by communicable diseases and maternal, prenatal and nutrition conditions (% of total)",SH.DTH.COMM.ZS,..,12.56891618,..,..,..,..,5.608959156,..,..,..,10.65661293,..,..,..,..
Syrian Arab Republic,SYR,Lifetime risk of maternal death (%),SH.MMR.RISK.ZS,0.077108915,0.081014553,0.090199626,0.087860934,0.097862597,0.090030671,0.093448421,0.078757037,0.084027997,0.086333757,0.09120389,0.082679661,..,..,..
Syrian Arab Republic,SYR,Births attended by skilled health staff (% of total),SH.STA.BRTC.ZS,96.2,..,..,..,..,..,..,..,..,..,..,..,..,..,..
Syrian Arab Republic,SYR,"Maternal mortality ratio (modeled estimate, per 100,000 live births)",SH.STA.MMRT,20,21,24,26,29,29,30,29,31,31,33,30,..,..,..
Syrian Arab Republic,SYR,Low-birthweight babies (% of births),SH.STA.BRTW.ZS,..,..,..,..,..,..,..,..,..,..,..,..,..,..,..
Syrian Arab Republic,SYR,Access to electricity (% of population),EG.ELC.ACCS.ZS,91.1,92.7,91.5,90.7,90.4,90.2,90,89.8,89.6,86,89.2,89,88.8,89,..
Syrian Arab Republic,SYR,Prevalence of moderate or severe food insecurity in the population (%),SN.ITK.MSFI.ZS,..,..,..,..,..,..,..,..,..,..,..,..,..,..,..
Syrian Arab Republic,SYR,Prevalence of severe food insecurity in the population (%),SN.ITK.SVFI.ZS,..,..,..,..,..,..,..,..,..,..,..,..,..,..,..
Togo,TGO,"Life expectancy at birth, total (years)",SP.DYN.LE00.IN,57.011,57.304,57.925,58.073,58.684,58.853,59.396,59.55,60.154,60.244,60.901,61.035,61.619,61.588,..
Togo,TGO,"Life expectancy at birth, female (years)",SP.DYN.LE00.FE.IN,57.304,57.364,57.986,58.099,58.804,58.979,59.6,59.757,60.479,60.646,61.443,61.576,62.391,62.227,..
Togo,TGO,"Life expectancy at birth, male (years)",SP.DYN.LE00.MA.IN,56.699,57.225,57.844,58.028,58.544,58.708,59.173,59.325,59.814,59.829,60.35,60.486,60.849,60.946,..
Togo,TGO,"Mortality rate attributed to unsafe water, unsafe sanitation and lack of hygiene (per 100,000 population)",SH.STA.WASH.P5,..,..,..,..,..,..,..,..,..,..,42.4,..,..,..,..
Togo,TGO,"Mortality rate, infant (per 1,000 live births)",SP.DYN.IMRT.IN,59.8,58.2,56.7,55.2,53.7,52.2,50.8,49.4,48.1,46.8,45.6,44.4,43.2,42.1,..
Togo,TGO,"Mortality rate, under-5 (per 1,000 live births)",SH.DYN.MORT,91.6,88.9,86.2,83.5,80.8,78.2,75.8,73.4,71,68.8,66.5,64.4,62.4,60.4,..
Togo,TGO,"Incidence of HIV, all (per 1,000 uninfected population)",SH.HIV.INCD.TL.P3,1.19,1.07,0.88,0.79,0.74,0.66,0.65,0.56,0.52,0.46,0.39,0.35,0.32,0.28,..
Togo,TGO,"Prevalence of HIV, total (% of population ages 15-49)",SH.DYN.AIDS.ZS,2.9,2.8,2.7,2.6,2.5,2.4,2.3,2.2,2.1,2.1,2,1.9,1.8,1.7,..
Togo,TGO,People using at least basic sanitation services (% of population),SH.STA.BASS.ZS,13.00825555,13.49141685,13.98931658,14.49989603,15.01992546,15.54974167,16.0892338,16.6392024,17.1993119,17.76945274,18.34951074,18.93937057,19.06792824,19.19763671,..
Togo,TGO,People using safely managed sanitation services (% of population),SH.STA.SMSS.ZS,4.369170549,4.487588392,4.608069578,4.730035905,4.85277429,4.976270178,5.100422567,5.225262068,5.350629318,5.47640058,5.602449696,5.728649128,5.742300416,5.756073739,..
Togo,TGO,"Cause of death, by communicable diseases and maternal, prenatal and nutrition conditions (% of total)",SH.DTH.COMM.ZS,..,56.59303705,..,..,..,..,51.94282208,..,..,..,48.56244122,..,..,..,..
Togo,TGO,Lifetime risk of maternal death (%),SH.MMR.RISK.ZS,2.637734735,2.698569112,2.393391942,2.444645966,2.372074683,2.362611313,1.985668024,1.976780655,1.92486931,1.966410688,1.901684099,1.684704541,..,..,..
Togo,TGO,Births attended by skilled health staff (% of total),SH.STA.BRTC.ZS,..,43.9,..,..,..,44.6,..,..,69.4,..,..,..,..,..,..
Togo,TGO,"Maternal mortality ratio (modeled estimate, per 100,000 live births)",SH.STA.MMRT,518,530,500,511,493,491,441,439,425,435,418,399,..,..,..
Togo,TGO,Low-birthweight babies (% of births),SH.STA.BRTW.ZS,15.41247509,15.29974144,15.17220148,15.05871235,14.94786357,14.83767773,14.73069746,14.62924956,14.535055,14.44261735,14.36008657,14.28142408,..,..,..
Togo,TGO,Access to electricity (% of population),EG.ELC.ACCS.ZS,33.7,30.8,39.7,39.1,41,45.7,44.7,46.8,48,50,52.5,54.1,55.7,57.2,..
Togo,TGO,Prevalence of moderate or severe food insecurity in the population (%),SN.ITK.MSFI.ZS,..,..,..,..,..,..,60.4,62.2,61.8,61.9,61.2,62.5,62.9,..,..
Togo,TGO,Prevalence of severe food insecurity in the population (%),SN.ITK.SVFI.ZS,..,..,..,..,..,..,16.1,16.3,15.8,16.9,17.2,18.8,19.4,..,..
Uganda,UGA,"Life expectancy at birth, total (years)",SP.DYN.LE00.IN,56.488,57.055,57.965,58.817,59.763,60.408,61.086,61.648,62.115,62.714,62.991,62.851,62.705,63.638,..
Uganda,UGA,"Life expectancy at birth, female (years)",SP.DYN.LE00.FE.IN,58.183,58.768,59.722,60.76,61.848,62.259,63.005,63.809,64.028,64.744,64.99,64.898,64.92,65.703,..
Uganda,UGA,"Life expectancy at birth, male (years)",SP.DYN.LE00.MA.IN,54.7,55.249,56.116,56.789,57.596,58.462,59.071,59.4,60.1,60.587,60.893,60.715,60.423,61.486,..
Uganda,UGA,"Mortality rate attributed to unsafe water, unsafe sanitation and lack of hygiene (per 100,000 population)",SH.STA.WASH.P5,..,..,..,..,..,..,..,..,..,..,28.1,..,..,..,..
Uganda,UGA,"Mortality rate, infant (per 1,000 live births)",SP.DYN.IMRT.IN,52.3,49.6,47,44.4,42.6,40.9,39.2,37.5,35.9,34.3,33.2,32.1,31.1,30.2,..
Uganda,UGA,"Mortality rate, under-5 (per 1,000 live births)",SH.DYN.MORT,81.5,76.2,71.4,66.6,62.3,58.9,55.8,52.6,50,47.7,45.5,43.6,42,40.5,..
Uganda,UGA,"Incidence of HIV, all (per 1,000 uninfected population)",SH.HIV.INCD.TL.P3,3.21,3.04,2.83,2.52,2.33,2.13,1.98,1.9,1.7,1.48,1.38,1.29,1.28,1.21,..
Uganda,UGA,"Prevalence of HIV, total (% of population ages 15-49)",SH.DYN.AIDS.ZS,6.3,6.3,6.3,6.2,6.2,6.1,6,5.9,5.8,5.7,5.5,5.4,5.2,5.1,..
Uganda,UGA,People using at least basic sanitation services (% of population),SH.STA.BASS.ZS,18.32080736,18.53329425,18.74505095,18.95618233,19.1662859,19.37584644,19.58458775,19.79223848,19.99878,20.20394648,20.40809045,20.61082587,20.81213747,21.01213034,..
Uganda,UGA,People using safely managed sanitation services (% of population),SH.STA.SMSS.ZS,15.67884169,15.8499127,16.01989907,16.18885134,16.3565504,16.52253723,16.68738397,16.8509431,17.01320061,17.17401364,17.33356214,17.49164136,17.64824021,17.79607757,..
Uganda,UGA,"Cause of death, by communicable diseases and maternal, prenatal and nutrition conditions (% of total)",SH.DTH.COMM.ZS,..,65.32678697,..,..,..,..,57.70069335,..,..,..,51.66055771,..,..,..,..
Uganda,UGA,Lifetime risk of maternal death (%),SH.MMR.RISK.ZS,2.50254123,2.266454034,2.198752554,2.065132074,1.831696784,1.959316198,1.78619468,1.750541001,1.763329593,1.509086542,1.55476679,1.515763604,..,..,..
Uganda,UGA,Births attended by skilled health staff (% of total),SH.STA.BRTC.ZS,..,..,57.4,..,..,..,..,74.2,..,..,..,..,..,..,..
Uganda,UGA,"Maternal mortality ratio (modeled estimate, per 100,000 live births)",SH.STA.MMRT,391,372,359,334,311,332,319,311,313,283,292,284,..,..,..
Uganda,UGA,Low-birthweight babies (% of births),SH.STA.BRTW.ZS,..,..,..,..,..,..,..,..,..,..,..,..,..,..,..
Uganda,UGA,Access to electricity (% of population),EG.ELC.ACCS.ZS,10,12.1,14.6,20.5,13.9,20.4,18.5,26.7,32.4,41.9,41.3,42.1,45.2,47.1,..
Uganda,UGA,Prevalence of moderate or severe food insecurity in the population (%),SN.ITK.MSFI.ZS,..,..,..,..,..,..,66.3,71.3,76,75,73.1,72.5,74.2,..,..
Uganda,UGA,Prevalence of severe food insecurity in the population (%),SN.ITK.SVFI.ZS,..,..,..,..,..,..,21.5,24,25.6,24.9,23.4,23.2,24.9,..,..
"Yemen, Rep.",YEM,"Life expectancy at birth, total (years)",SP.DYN.LE00.IN,67.196,67.28,67.419,67.343,67.545,67.384,65.873,66.064,65.957,64.575,65.092,64.65,63.753,63.72,..
"Yemen, Rep.",YEM,"Life expectancy at birth, female (years)",SP.DYN.LE00.FE.IN,69.317,69.397,69.49,69.414,69.528,69.442,68.899,68.941,68.962,68.601,68.627,67.885,67.134,67.222,..
"Yemen, Rep.",YEM,"Life expectancy at birth, male (years)",SP.DYN.LE00.MA.IN,65.076,65.165,65.348,65.275,65.557,65.334,63.005,63.32,63.108,60.901,61.807,61.636,60.629,60.493,..
"Yemen, Rep.",YEM,"Mortality rate attributed to unsafe water, unsafe sanitation and lack of hygiene (per 100,000 population)",SH.STA.WASH.P5,..,..,..,..,..,..,..,..,..,..,15.6,..,..,..,..
"Yemen, Rep.",YEM,"Mortality rate, infant (per 1,000 live births)",SP.DYN.IMRT.IN,44.7,43,41.6,40.5,39.3,38.4,38.4,37.5,36.8,36.6,35.9,34.5,34.7,33.1,..
"Yemen, Rep.",YEM,"Mortality rate, under-5 (per 1,000 live births)",SH.DYN.MORT,57.5,55.1,53.1,51.6,49.7,48.6,49.3,47.9,46.8,47.2,46.2,43.5,44.6,41.3,..
"Yemen, Rep.",YEM,"Incidence of HIV, all (per 1,000 uninfected population)",SH.HIV.INCD.TL.P3,0.02,0.02,0.02,0.03,0.03,0.03,0.03,0.03,0.03,0.03,0.03,0.03,0.03,0.03,..
"Yemen, Rep.",YEM,"Prevalence of HIV, total (% of population ages 15-49)",SH.DYN.AIDS.ZS,0.1,0.1,0.1,0.1,0.1,0.1,0.1,0.1,0.1,0.1,0.1,0.1,0.1,0.1,..
"Yemen, Rep.",YEM,People using at least basic sanitation services (% of population),SH.STA.BASS.ZS,49.35304782,49.75451289,50.14318951,50.51899731,50.88231598,51.23211241,51.56879055,52.09781117,52.61740557,53.12701834,53.62693884,54.11663797,54.59560341,54.84475849,..
"Yemen, Rep.",YEM,People using safely managed sanitation services (% of population),SH.STA.SMSS.ZS,20.98821184,20.35768482,19.72430671,19.08802834,18.44893628,17.80670063,17.43173963,17.72453563,18.01167502,18.29296842,18.56846216,18.83797926,19.10135572,19.16488931,..
"Yemen, Rep.",YEM,"Cause of death, by communicable diseases and maternal, prenatal and nutrition conditions (% of total)",SH.DTH.COMM.ZS,..,37.02030301,..,..,..,..,32.10416696,..,..,..,30.14559271,..,..,..,..
"Yemen, Rep.",YEM,Lifetime risk of maternal death (%),SH.MMR.RISK.ZS,0.795548687,0.802280478,0.794931908,0.807499186,0.721932412,0.745949338,0.782280167,0.820020145,0.795250766,0.777209553,0.80250043,0.750157374,..,..,..
"Yemen, Rep.",YEM,Births attended by skilled health staff (% of total),SH.STA.BRTC.ZS,..,..,..,34.4,44.7,..,..,..,..,..,..,..,..,..,..
"Yemen, Rep.",YEM,"Maternal mortality ratio (modeled estimate, per 100,000 live births)",SH.STA.MMRT,155,157,155,158,151,156,164,172,179,176,181,183,..,..,..
"Yemen, Rep.",YEM,Low-birthweight babies (% of births),SH.STA.BRTW.ZS,..,..,..,..,..,..,..,..,..,..,..,..,..,..,..
"Yemen, Rep.",YEM,Access to electricity (% of population),EG.ELC.ACCS.ZS,59.6,60.8,62,52.4,75.6,66.1,67.4,68.9,79.2,62,72.8,73.9,74.9,76,..
"Yemen, Rep.",YEM,Prevalence of moderate or severe food insecurity in the population (%),SN.ITK.MSFI.ZS,..,..,..,..,..,..,45.7,49.6,46.6,46,49.4,58.5,67.2,..,..
"Yemen, Rep.",YEM,Prevalence of severe food insecurity in the population (%),SN.ITK.SVFI.ZS,..,..,..,..,..,..,12.3,12.3,11.3,9.5,10.3,11.9,12.8,..,..
